date,platform,campaign_id,campaign_name,ad_group_id,ad_group_name,impressions,clicks,spend,conversions,conversion_value,video_views,video_watch_25,video_watch_50,video_watch_75,video_watch_100,likes,shares,comments,engagement_rate,reach,frequency,ctr_source,avg_cpc_source,quality_score,search_impression_share,ctr,cpc,cpm,cpa,conversion_rate,roas,video_completion_rate,social_engagement_rate,cost_per_reach
2024-01-01,facebook,fb_1001,Brand_Awareness_Q1,fbset_2001,Broad_Audience_18-35,45623,892,127.5,12,,8234,,,,,,,,0.0195,38234,1.19,,,,,0.0195515419854021,0.1429372197309417,2.794643052846152,10.625,0.013452914798206279,,,,0.0033347282523408486
2024-01-01,facebook,fb_1002,Conversions_Retargeting,fbset_2002,Cart_Abandoners,12456,567,215.8,34,,1234,,,,,,,,0.0455,9876,1.26,,,,,0.04552023121387283,0.38059964726631396,17.324983943481055,6.347058823529412,0.059964726631393295,,,,0.021850951802349132
2024-01-01,facebook,fb_1003,Traffic_Drive_Jan,fbset_2003,Lookalike_Purchasers,34567,1234,189.9,23,,4567,,,,,,,,0.0357,28934,1.19,,,,,0.03569878786125495,0.15388978930307942,5.493678942343854,8.256521739130434,0.018638573743922204,,,,0.006563212829197484
2024-01-02,facebook,fb_1001,Brand_Awareness_Q1,fbset_2001,Broad_Audience_18-35,42345,823,118.2,10,,7890,,,,,,,,0.0194,36789,1.15,,,,,0.01943558861731019,0.14362089914945322,2.7913567127169676,11.82,0.012150668286755772,,,,0.0032129169045095004
2024-01-02,facebook,fb_1002,Conversions_Retargeting,fbset_2002,Cart_Abandoners,13678,623,234.5,38,,1456,,,,,,,,0.0455,10234,1.34,,,,,0.045547594677584444,0.37640449438202245,17.14431934493347,6.171052631578948,0.060995184590690206,,,,0.022913816689466484
2024-01-02,facebook,fb_1003,Traffic_Drive_Jan,fbset_2003,Lookalike_Purchasers,36789,1345,201.3,25,,4890,,,,,,,,0.0366,30123,1.22,,,,,0.03655984125689744,0.14966542750929368,5.471744271385468,8.052,0.01858736059479554,,,,0.006682601334528433
2024-01-03,facebook,fb_1001,Brand_Awareness_Q1,fbset_2001,Broad_Audience_18-35,48234,967,134.8,14,,8901,,,,,,,,0.0201,40123,1.2,,,,,0.0200480988514326,0.1394002068252327,2.794709126342414,9.62857142857143,0.014477766287487074,,,,0.0033596690177703564
2024-01-03,facebook,fb_1002,Conversions_Retargeting,fbset_2002,Cart_Abandoners,11234,489,198.7,31,,1123,,,,,,,,0.0435,8901,1.26,,,,,0.043528573971871105,0.4063394683026585,17.687377603703045,6.409677419354838,0.06339468302658487,,,,0.022323334456802606
2024-01-03,facebook,fb_1003,Traffic_Drive_Jan,fbset_2003,Lookalike_Purchasers,38901,1456,213.4,28,,5234,,,,,,,,0.0375,31456,1.24,,,,,0.03742834374437675,0.14656593406593407,5.485720161435439,7.621428571428572,0.019230769230769232,,,,0.006784079348931842
2024-01-04,facebook,fb_1001,Brand_Awareness_Q1,fbset_2001,Broad_Audience_18-35,51234,1023,142.3,15,,9234,,,,,,,,0.02,42567,1.2,,,,,0.01996720927509076,0.13910068426197458,2.77745247296717,9.486666666666668,0.01466275659824047,,,,0.0033429652077900723
2024-01-04,facebook,fb_1002,Conversions_Retargeting,fbset_2002,Cart_Abandoners,14567,678,245.6,42,,1567,,,,,,,,0.0465,11234,1.3,,,,,0.04654355735566692,0.3622418879056047,16.86002608635958,5.847619047619047,0.061946902654867256,,,,0.021862204023500087
2024-01-04,facebook,fb_1004,Video_Views_Campaign,fbset_2004,Video_Enthusiasts,67890,234,89.5,5,,45678,,,,,,,,0.0034,56789,1.2,,,,,0.00344675209898365,0.38247863247863245,1.3183090293121225,17.9,0.021367521367521368,,,,0.0015760094384475866
2024-01-05,facebook,fb_1001,Brand_Awareness_Q1,fbset_2001,Broad_Audience_18-35,46789,934,131.2,13,,8567,,,,,,,,0.02,39234,1.19,,,,,0.019961956870204536,0.14047109207708777,2.8040778815533565,10.092307692307692,0.013918629550321198,,,,0.003344038334097976
2024-01-05,facebook,fb_1002,Conversions_Retargeting,fbset_2002,Cart_Abandoners,12890,567,220.3,36,,1345,,,,,,,,0.044,10123,1.27,,,,,0.04398758727695888,0.38853615520282186,17.09076803723817,6.1194444444444445,0.06349206349206349,,,,0.021762323421910503
2024-01-05,facebook,fb_1004,Video_Views_Campaign,fbset_2004,Video_Enthusiasts,71234,256,94.8,6,,48901,,,,,,,,0.0036,59234,1.2,,,,,0.0035937894825504675,0.3703125,1.33082516775697,15.799999999999999,0.0234375,,,,0.0016004321842185232
2024-01-06,facebook,fb_1001,Brand_Awareness_Q1,fbset_2001,Broad_Audience_18-35,44567,878,125.6,11,,8123,,,,,,,,0.0197,37456,1.19,,,,,0.019700675387618643,0.1430523917995444,2.8182287342652637,11.418181818181818,0.012528473804100227,,,,0.0033532678342588634
2024-01-06,facebook,fb_1003,Traffic_Drive_Jan,fbset_2003,Lookalike_Purchasers,35678,1289,195.6,24,,4678,,,,,,,,0.0361,29345,1.22,,,,,0.03612870676607433,0.1517455391776571,5.482370088009418,8.15,0.018619084561675717,,,,0.006665530754813426
2024-01-06,facebook,fb_1004,Video_Views_Campaign,fbset_2004,Video_Enthusiasts,69456,245,91.2,5,,47234,,,,,,,,0.0035,57890,1.2,,,,,0.0035274130384703984,0.3722448979591837,1.3130615065653075,18.240000000000002,0.02040816326530612,,,,0.0015754016237692176
2024-01-07,facebook,fb_1001,Brand_Awareness_Q1,fbset_2001,Broad_Audience_18-35,49876,1067,145.9,16,,9567,,,,,,,,0.0214,41234,1.21,,,,,0.021393054775844092,0.13673851921274602,2.9252546314860854,9.11875,0.01499531396438613,,,,0.003538342144831935
2024-01-07,facebook,fb_1002,Conversions_Retargeting,fbset_2002,Cart_Abandoners,13456,623,237.8,40,,1456,,,,,,,,0.0463,10567,1.27,,,,,0.04629904875148633,0.38170144462279293,17.67241379310345,5.945,0.06420545746388442,,,,0.022504021955143373
2024-01-07,facebook,fb_1003,Traffic_Drive_Jan,fbset_2003,Lookalike_Purchasers,37234,1367,207.9,27,,5012,,,,,,,,0.0367,30678,1.21,,,,,0.03671375624429285,0.15208485735186542,5.583606381264436,7.7,0.019751280175566936,,,,0.006776843340504596
2024-01-08,facebook,fb_1001,Brand_Awareness_Q1,fbset_2001,Broad_Audience_18-35,47234,945,135.4,14,,8789,,,,,,,,0.02,39567,1.19,,,,,0.02000677478087818,0.14328042328042329,2.8665791590803233,9.671428571428573,0.014814814814814815,,,,0.003422043622210428
2024-01-08,facebook,fb_1002,Conversions_Retargeting,fbset_2002,Cart_Abandoners,12123,534,212.4,35,,1234,,,,,,,,0.0441,9567,1.27,,,,,0.04404850284583024,0.39775280898876403,17.520415738678544,6.0685714285714285,0.06554307116104868,,,,0.02220131702728128
2024-01-08,facebook,fb_1004,Video_Views_Campaign,fbset_2004,Video_Enthusiasts,73456,267,98.3,7,,50123,,,,,,,,0.0036,60234,1.22,,,,,0.0036348290132868655,0.36816479400749064,1.3382160749292094,14.042857142857143,0.026217228464419477,,,,0.0016319686555765847
2024-01-09,facebook,fb_1001,Brand_Awareness_Q1,fbset_2001,Broad_Audience_18-35,50123,1012,141.7,15,,9345,,,,,,,,0.0202,41890,1.2,,,,,0.020190331783811823,0.1400197628458498,2.8270454681483552,9.446666666666665,0.014822134387351778,,,,0.0033826688947242774
2024-01-09,facebook,fb_1003,Traffic_Drive_Jan,fbset_2003,Lookalike_Purchasers,36456,1312,199.8,26,,4823,,,,,,,,0.036,30234,1.21,,,,,0.03598858898398069,0.15228658536585366,5.480579328505596,7.684615384615385,0.019817073170731708,,,,0.00660845405834491
2024-01-09,facebook,fb_1004,Video_Views_Campaign,fbset_2004,Video_Enthusiasts,70123,253,93.6,6,,48234,,,,,,,,0.0036,58456,1.2,,,,,0.003607946037676654,0.36996047430830037,1.334797427377608,15.6,0.023715415019762844,,,,0.0016012043246202271
2024-01-10,facebook,fb_1001,Brand_Awareness_Q1,fbset_2001,Broad_Audience_18-35,48567,978,137.8,14,,8945,,,,,,,,0.0201,40456,1.2,,,,,0.02013713015010192,0.1408997955010225,2.837317520126835,9.842857142857143,0.014314928425357873,,,,0.003406169665809769
2024-01-10,facebook,fb_1002,Conversions_Retargeting,fbset_2002,Cart_Abandoners,13789,645,241.2,41,,1489,,,,,,,,0.0468,10789,1.28,,,,,0.04677641598375517,0.373953488372093,17.492203930669373,5.882926829268293,0.06356589147286822,,,,0.02235610343868755
2024-01-10,facebook,fb_1003,Traffic_Drive_Jan,fbset_2003,Lookalike_Purchasers,38456,1423,217.5,29,,5123,,,,,,,,0.037,31234,1.23,,,,,0.03700332847930102,0.1528460997891778,5.655814437278968,7.5,0.020379479971890373,,,,0.006963565345456874
2024-01-11,facebook,fb_1001,Brand_Awareness_Q1,fbset_2001,Broad_Audience_18-35,52123,1089,148.6,17,,9567,,,,,,,,0.0209,43234,1.21,,,,,0.020892887976517085,0.136455463728191,2.850948717456785,8.741176470588234,0.015610651974288337,,,,0.003437109682194569
2024-01-11,facebook,fb_1002,Conversions_Retargeting,fbset_2002,Cart_Abandoners,14567,723,256.4,44,,1612,,,,,,,,0.0496,11456,1.27,,,,,0.04963273151644127,0.35463347164591974,17.601427884945423,5.827272727272727,0.06085753803596127,,,,0.022381284916201116
2024-01-11,facebook,fb_1003,Traffic_Drive_Jan,fbset_2003,Lookalike_Purchasers,39789,1534,225.8,31,,5456,,,,,,,,0.0386,32567,1.22,,,,,0.03855336902158888,0.14719687092568448,5.674935283621101,7.283870967741936,0.020208604954367666,,,,0.006933398839315872
2024-01-11,facebook,fb_1004,Video_Views_Campaign,fbset_2004,Video_Enthusiasts,76234,278,101.5,8,,52345,,,,,,,,0.0037,62456,1.22,,,,,0.003646666841566755,0.36510791366906475,1.331426922370596,12.6875,0.02877697841726619,,,,0.001625144101447419
2024-01-12,facebook,fb_1001,Brand_Awareness_Q1,fbset_2001,Broad_Audience_18-35,49234,1012,140.3,15,,9123,,,,,,,,0.0206,41567,1.18,,,,,0.02055490108461632,0.13863636363636364,2.8496567412763536,9.353333333333333,0.014822134387351778,,,,0.0033752736545817597
2024-01-12,facebook,fb_1002,Conversions_Retargeting,fbset_2002,Cart_Abandoners,13456,634,239.7,39,,1378,,,,,,,,0.0471,10567,1.27,,,,,0.04711652794292509,0.3780757097791798,17.813614744351963,6.146153846153846,0.061514195583596214,,,,0.022683827008611716
2024-01-12,facebook,fb_1003,Traffic_Drive_Jan,fbset_2003,Lookalike_Purchasers,37890,1398,212.4,28,,5012,,,,,,,,0.0369,30890,1.23,,,,,0.03689627870150435,0.151931330472103,5.605700712589074,7.585714285714286,0.020028612303290415,,,,0.006876011654257041
2024-01-12,facebook,fb_1004,Video_Views_Campaign,fbset_2004,Video_Enthusiasts,72890,261,96.8,7,,49567,,,,,,,,0.0036,59123,1.23,,,,,0.003580738098504596,0.3708812260536398,1.3280285361503636,13.828571428571427,0.02681992337164751,,,,0.0016372646854861898
2024-01-13,facebook,fb_1001,Brand_Awareness_Q1,fbset_2001,Broad_Audience_18-35,42345,856,121.5,12,,7890,,,,,,,,0.0202,35678,1.19,,,,,0.020214901405124573,0.1419392523364486,2.869287991498406,10.125,0.014018691588785047,,,,0.0034054599473064633
2024-01-13,facebook,fb_1002,Conversions_Retargeting,fbset_2002,Cart_Abandoners,11234,523,198.6,32,,1123,,,,,,,,0.0466,8901,1.27,,,,,0.04655510058750222,0.3797323135755258,17.678476054833542,6.20625,0.06118546845124283,,,,0.02231209976407145
2024-01-13,facebook,fb_1003,Traffic_Drive_Jan,fbset_2003,Lookalike_Purchasers,33456,1203,185.3,23,,4234,,,,,,,,0.036,27890,1.2,,,,,0.03595767575322812,0.15403158769742312,5.538617886178862,8.056521739130435,0.019118869492934332,,,,0.006643958408031553
2024-01-13,facebook,fb_1004,Video_Views_Campaign,fbset_2004,Video_Enthusiasts,64567,238,83.4,5,,43234,,,,,,,,0.0037,52890,1.22,,,,,0.003686093515263215,0.3504201680672269,1.2916815091300509,16.68,0.02100840336134454,,,,0.0015768576290414067
2024-01-14,facebook,fb_1001,Brand_Awareness_Q1,fbset_2001,Broad_Audience_18-35,40123,798,114.7,11,,7345,,,,,,,,0.0199,33456,1.2,,,,,0.019888841811429855,0.143734335839599,2.858709468384717,10.427272727272728,0.013784461152882205,,,,0.003428383548541368
2024-01-14,facebook,fb_1002,Conversions_Retargeting,fbset_2002,Cart_Abandoners,10567,489,185.9,29,,998,,,,,,,,0.0463,8234,1.28,,,,,0.04627614270843191,0.3801635991820041,17.59250496829753,6.410344827586207,0.05930470347648262,,,,0.022577119261598253
2024-01-14,facebook,fb_1003,Traffic_Drive_Jan,fbset_2003,Lookalike_Purchasers,31234,1123,173.8,21,,3890,,,,,,,,0.036,26123,1.2,,,,,0.035954408657232505,0.15476402493321462,5.5644489978869185,8.276190476190477,0.018699910952804988,,,,0.006653140910308924
2024-01-14,facebook,fb_1004,Video_Views_Campaign,fbset_2004,Video_Enthusiasts,61234,223,78.9,4,,40567,,,,,,,,0.0036,50123,1.22,,,,,0.003641767645425744,0.35381165919282515,1.2884998530228304,19.725,0.017937219730941704,,,,0.0015741276459908626
2024-01-15,facebook,fb_1001,Brand_Awareness_Q1,fbset_2001,Broad_Audience_18-35,46789,934,132.4,14,,8567,,,,,,,,0.02,39234,1.19,,,,,0.019961956870204536,0.1417558886509636,2.829724935348052,9.457142857142857,0.014989293361884369,,,,0.0033746240505683847
2024-01-15,facebook,fb_1002,Conversions_Retargeting,fbset_2002,Cart_Abandoners,12890,567,221.3,37,,1345,,,,,,,,0.044,10123,1.27,,,,,0.04398758727695888,0.39029982363315696,17.168347556245152,5.981081081081081,0.06525573192239859,,,,0.021861108367084856
2024-01-15,facebook,fb_1003,Traffic_Drive_Jan,fbset_2003,Lookalike_Purchasers,35678,1289,196.6,25,,4678,,,,,,,,0.0361,29345,1.22,,,,,0.03612870676607433,0.1525213343677269,5.510398564941981,7.864,0.019394879751745538,,,,0.006699608110410632
2024-01-15,facebook,fb_1004,Video_Views_Campaign,fbset_2004,Video_Enthusiasts,68456,248,87.6,6,,46234,,,,,,,,0.0036,56789,1.21,,,,,0.0036227649877293446,0.3532258064516129,1.2796540843753652,14.6,0.024193548387096774,,,,0.0015425522548380846
2024-01-16,facebook,fb_1001,Brand_Awareness_Q1,fbset_2001,Broad_Audience_18-35,50234,1023,143.8,16,,9234,,,,,,,,0.0204,42345,1.19,,,,,0.020364693235657125,0.14056695992179863,2.8626030178763386,8.9875,0.015640273704789834,,,,0.003395914511748731
2024-01-16,facebook,fb_1002,Conversions_Retargeting,fbset_2002,Cart_Abandoners,14234,678,248.5,42,,1567,,,,,,,,0.0477,11234,1.27,,,,,0.04763242939440775,0.3665191740412979,17.45819867921877,5.916666666666667,0.061946902654867256,,,,0.022120348940715684
2024-01-16,facebook,fb_1003,Traffic_Drive_Jan,fbset_2003,Lookalike_Purchasers,38456,1423,218.7,30,,5123,,,,,,,,0.037,31234,1.23,,,,,0.03700332847930102,0.15368938861560083,5.687018930726024,7.29,0.02108222066057625,,,,0.00700198501632836
2024-01-16,facebook,fb_1004,Video_Views_Campaign,fbset_2004,Video_Enthusiasts,73456,267,94.2,7,,49890,,,,,,,,0.0036,59567,1.24,,,,,0.0036348290132868655,0.35280898876404493,1.2824003485079503,13.457142857142857,0.026217228464419477,,,,0.0015814125270703578
2024-01-17,facebook,fb_1001,Brand_Awareness_Q1,fbset_2001,Broad_Audience_18-35,51789,1089,152.3,18,,9567,,,,,,,,0.021,43567,1.19,,,,,0.021027631350286742,0.13985307621671259,2.9407789298885865,8.461111111111112,0.01652892561983471,,,,0.0034957651433424382
2024-01-17,facebook,fb_1002,Conversions_Retargeting,fbset_2002,Cart_Abandoners,15234,734,264.7,46,,1678,,,,,,,,0.0482,12123,1.26,,,,,0.04818169883156098,0.3606267029972752,17.375607194433503,5.754347826086956,0.06267029972752043,,,,0.021834529406912478
2024-01-17,facebook,fb_1003,Traffic_Drive_Jan,fbset_2003,Lookalike_Purchasers,40123,1534,232.8,33,,5456,,,,,,,,0.0382,32890,1.22,,,,,0.03823243526157067,0.1517601043024772,5.802158363033671,7.054545454545455,0.02151238591916558,,,,0.0070781392520522955
2024-01-17,facebook,fb_1004,Video_Views_Campaign,fbset_2004,Video_Enthusiasts,75890,278,98.5,8,,51234,,,,,,,,0.0037,61567,1.23,,,,,0.0036631967321122676,0.35431654676258995,1.2979312162340229,12.3125,0.02877697841726619,,,,0.0015998830542335992
2024-01-18,facebook,fb_1001,Brand_Awareness_Q1,fbset_2001,Broad_Audience_18-35,49567,1012,144.6,16,,9123,,,,,,,,0.0204,41890,1.18,,,,,0.020416809570883855,0.14288537549407115,2.9172635019266853,9.0375,0.015810276679841896,,,,0.003451897827643829
2024-01-18,facebook,fb_1002,Conversions_Retargeting,fbset_2002,Cart_Abandoners,14567,689,253.4,43,,1489,,,,,,,,0.0473,11567,1.26,,,,,0.04729868881718954,0.36777939042089985,17.3954829408938,5.8930232558139535,0.062409288824383166,,,,0.021907149649866
2024-01-18,facebook,fb_1003,Traffic_Drive_Jan,fbset_2003,Lookalike_Purchasers,38901,1456,224.5,31,,5234,,,,,,,,0.0374,31456,1.24,,,,,0.03742834374437675,0.15418956043956045,5.771059869926223,7.241935483870968,0.021291208791208792,,,,0.007136953204476094
2024-01-18,facebook,fb_1004,Video_Views_Campaign,fbset_2004,Video_Enthusiasts,72345,261,92.7,7,,48567,,,,,,,,0.0036,58234,1.24,,,,,0.003607713041675306,0.35517241379310344,1.2813601492846776,13.242857142857144,0.02681992337164751,,,,0.0015918535563416562
2024-01-19,facebook,fb_1001,Brand_Awareness_Q1,fbset_2001,Broad_Audience_18-35,47890,967,138.4,15,,8789,,,,,,,,0.0202,40234,1.19,,,,,0.020192106911672583,0.14312306101344366,2.8899561495092922,9.226666666666667,0.015511892450879007,,,,0.0034398767211810907
2024-01-19,facebook,fb_1002,Conversions_Retargeting,fbset_2002,Cart_Abandoners,13890,634,235.8,40,,1378,,,,,,,,0.0457,10890,1.27,,,,,0.04564434845212383,0.3719242902208202,16.97624190064795,5.8950000000000005,0.06309148264984227,,,,0.021652892561983474
2024-01-19,facebook,fb_1003,Traffic_Drive_Jan,fbset_2003,Lookalike_Purchasers,37234,1367,209.9,28,,5012,,,,,,,,0.0367,30678,1.21,,,,,0.03671375624429285,0.15354791514264815,5.6373207283665465,7.496428571428572,0.020482809070958303,,,,0.006842036638633549
2024-01-19,facebook,fb_1004,Video_Views_Campaign,fbset_2004,Video_Enthusiasts,70123,253,89.4,6,,47234,,,,,,,,0.0036,57890,1.21,,,,,0.003607946037676654,0.3533596837944664,1.2749026710209204,14.9,0.023715415019762844,,,,0.0015443081706685094
2024-01-20,facebook,fb_1001,Brand_Awareness_Q1,fbset_2001,Broad_Audience_18-35,43234,878,125.7,13,,7890,,,,,,,,0.0203,36567,1.18,,,,,0.020308090854420133,0.14316628701594533,2.9074339640098072,9.669230769230769,0.014806378132118452,,,,0.003437525637870211
2024-01-20,facebook,fb_1002,Conversions_Retargeting,fbset_2002,Cart_Abandoners,11890,545,202.3,34,,1156,,,,,,,,0.0458,9567,1.28,,,,,0.04583683767872161,0.37119266055045874,17.01429772918419,5.95,0.062385321100917435,,,,0.021145604682763667
2024-01-20,facebook,fb_1003,Traffic_Drive_Jan,fbset_2003,Lookalike_Purchasers,34567,1234,189.6,24,,4567,,,,,,,,0.0357,28934,1.19,,,,,0.03569878786125495,0.15364667747163696,5.485000144646628,7.8999999999999995,0.019448946515397084,,,,0.006552844404506809
2024-01-20,facebook,fb_1004,Video_Views_Campaign,fbset_2004,Video_Enthusiasts,65234,234,81.2,5,,43567,,,,,,,,0.0036,53456,1.19,,,,,0.0035870864886408927,0.347008547008547,1.2447496704172671,16.240000000000002,0.021367521367521368,,,,0.0015190062855432505
2024-01-21,facebook,fb_1001,Brand_Awareness_Q1,fbset_2001,Broad_Audience_18-35,41567,823,118.9,12,,7456,,,,,,,,0.0198,35123,1.18,,,,,0.019799360069285732,0.14447144592952613,2.8604421776890323,9.908333333333333,0.014580801944106925,,,,0.0033852461350112463
2024-01-21,facebook,fb_1002,Conversions_Retargeting,fbset_2002,Cart_Abandoners,10234,467,178.4,30,,945,,,,,,,,0.0456,8456,1.21,,,,,0.04563220637092046,0.38201284796573876,17.432089114715655,5.946666666666667,0.06423982869379015,,,,0.02109744560075686
2024-01-21,facebook,fb_1003,Traffic_Drive_Jan,fbset_2003,Lookalike_Purchasers,32890,1178,171.2,22,,3789,,,,,,,,0.0358,27234,1.21,,,,,0.03581635755548799,0.14533106960950762,5.20522955305564,7.781818181818181,0.01867572156196944,,,,0.006286259822280972
2024-01-21,facebook,fb_1004,Video_Views_Campaign,fbset_2004,Video_Enthusiasts,62345,223,76.3,4,,41234,,,,,,,,0.0036,51567,1.2,,,,,0.0035768706391851794,0.342152466367713,1.223835111075467,19.075,0.017937219730941704,,,,0.0014796284445478696
2024-01-22,facebook,fb_1001,Brand_Awareness_Q1,fbset_2001,Broad_Audience_18-35,45234,912,129.8,14,,8234,,,,,,,,0.0202,38567,1.17,,,,,0.020161825175752754,0.1423245614035088,2.869522925233232,9.271428571428572,0.015350877192982455,,,,0.0033655716026654917
2024-01-22,facebook,fb_1002,Conversions_Retargeting,fbset_2002,Cart_Abandoners,12456,567,209.6,36,,1234,,,,,,,,0.0455,9876,1.26,,,,,0.04552023121387283,0.36966490299823634,16.82723185613359,5.822222222222222,0.06349206349206349,,,,0.02122316727420008
2024-01-22,facebook,fb_1003,Traffic_Drive_Jan,fbset_2003,Lookalike_Purchasers,35123,1267,194.5,26,,4345,,,,,,,,0.0361,29123,1.21,,,,,0.036073228368875096,0.15351223362273086,5.537681860888876,7.480769230769231,0.020520915548539857,,,,0.006678570202245648
2024-01-22,facebook,fb_1004,Video_Views_Campaign,fbset_2004,Video_Enthusiasts,66789,245,84.7,5,,44567,,,,,,,,0.0037,54890,1.22,,,,,0.003668268726886164,0.34571428571428575,1.2681729027235025,16.94,0.02040816326530612,,,,0.0015430861723446895
2024-01-23,facebook,fb_1001,Brand_Awareness_Q1,fbset_2001,Broad_Audience_18-35,48567,989,140.3,15,,8945,,,,,,,,0.0204,40456,1.2,,,,,0.020363621389008997,0.1418604651162791,2.888792801696625,9.353333333333333,0.015166835187057633,,,,0.003467965196756971
2024-01-23,facebook,fb_1002,Conversions_Retargeting,fbset_2002,Cart_Abandoners,13789,623,229.8,38,,1489,,,,,,,,0.0452,10789,1.28,,,,,0.04518094133004569,0.3688603531300161,16.66545797374719,6.0473684210526315,0.060995184590690206,,,,0.021299471684122717
2024-01-23,facebook,fb_1003,Traffic_Drive_Jan,fbset_2003,Lookalike_Purchasers,37456,1389,213.4,29,,4890,,,,,,,,0.0371,30567,1.22,,,,,0.03708351131994874,0.15363570914326855,5.697351559162751,7.358620689655172,0.02087832973362131,,,,0.0069813851539241665
2024-01-23,facebook,fb_1004,Video_Views_Campaign,fbset_2004,Video_Enthusiasts,71234,256,90.5,6,,48123,,,,,,,,0.0036,58567,1.22,,,,,0.0035937894825504675,0.353515625,1.2704607350422552,15.083333333333334,0.0234375,,,,0.0015452387863472603
2024-01-24,facebook,fb_1001,Brand_Awareness_Q1,fbset_2001,Broad_Audience_18-35,51234,1067,149.7,17,,9234,,,,,,,,0.0208,42567,1.2,,,,,0.020826013975094662,0.1402999062792877,2.921887808876918,8.805882352941175,0.015932521087160263,,,,0.003516808795545845
2024-01-24,facebook,fb_1002,Conversions_Retargeting,fbset_2002,Cart_Abandoners,14890,712,251.6,43,,1578,,,,,,,,0.0478,11790,1.26,,,,,0.04781732706514439,0.35337078651685394,16.89724647414372,5.851162790697674,0.060393258426966294,,,,0.021340118744698898
2024-01-24,facebook,fb_1003,Traffic_Drive_Jan,fbset_2003,Lookalike_Purchasers,39234,1489,227.9,32,,5234,,,,,,,,0.0379,32123,1.22,,,,,0.03795177652036499,0.15305574210879785,5.808737319671713,7.121875,0.021490933512424447,,,,0.007094605111602279
2024-01-24,facebook,fb_1004,Video_Views_Campaign,fbset_2004,Video_Enthusiasts,74567,267,95.8,7,,50234,,,,,,,,0.0036,60789,1.23,,,,,0.003580672415411643,0.3588014981273408,1.2847506269529416,13.685714285714285,0.026217228464419477,,,,0.0015759430160061853
2024-01-25,facebook,fb_1001,Brand_Awareness_Q1,fbset_2001,Broad_Audience_18-35,52789,1123,156.4,18,,9567,,,,,,,,0.0213,43890,1.2,,,,,0.021273371346303208,0.13926981300089047,2.9627384492981492,8.68888888888889,0.016028495102404273,,,,0.0035634540897698792
2024-01-25,facebook,fb_1002,Conversions_Retargeting,fbset_2002,Cart_Abandoners,15678,756,268.9,47,,1678,,,,,,,,0.0482,12345,1.27,,,,,0.04822043628013777,0.35568783068783066,17.15142237530297,5.721276595744681,0.062169312169312166,,,,0.021782098015390845
2024-01-25,facebook,fb_1003,Traffic_Drive_Jan,fbset_2003,Lookalike_Purchasers,40567,1567,238.6,34,,5456,,,,,,,,0.0386,33234,1.22,,,,,0.038627455813838835,0.1522654754307594,5.881627924174822,7.017647058823529,0.02169751116783663,,,,0.007179394595895769
2024-01-25,facebook,fb_1004,Video_Views_Campaign,fbset_2004,Video_Enthusiasts,76890,278,99.2,8,,51567,,,,,,,,0.0036,62890,1.23,,,,,0.003615554688516062,0.35683453237410073,1.2901547665496162,12.4,0.02877697841726619,,,,0.001577357290507235
2024-01-26,facebook,fb_1001,Brand_Awareness_Q1,fbset_2001,Broad_Audience_18-35,50123,1034,147.5,17,,9123,,,,,,,,0.0206,41890,1.2,,,,,0.020629252039981644,0.14264990328820115,2.9427608084113084,8.676470588235293,0.01644100580270793,,,,0.0035211267605633804
2024-01-26,facebook,fb_1002,Conversions_Retargeting,fbset_2002,Cart_Abandoners,14234,689,254.7,44,,1456,,,,,,,,0.0484,11234,1.27,,,,,0.04840522692145567,0.36966618287373004,17.893775467191233,5.788636363636363,0.06386066763425254,,,,0.022672244970624887
2024-01-26,facebook,fb_1003,Traffic_Drive_Jan,fbset_2003,Lookalike_Purchasers,38890,1445,231.2,32,,5123,,,,,,,,0.0372,31567,1.23,,,,,0.03715608125482129,0.16,5.944973000771406,7.225,0.022145328719723183,,,,0.007324104286121583
2024-01-26,facebook,fb_1004,Video_Views_Campaign,fbset_2004,Video_Enthusiasts,73456,261,94.6,7,,49234,,,,,,,,0.0036,59567,1.23,,,,,0.0035531474624264864,0.36245210727969346,1.2878457852319756,13.514285714285714,0.02681992337164751,,,,0.001588127654573841
2024-01-27,facebook,fb_1001,Brand_Awareness_Q1,fbset_2001,Broad_Audience_18-35,46234,934,133.8,15,,8456,,,,,,,,0.0202,38890,1.19,,,,,0.02020158325042177,0.14325481798715203,2.8939741315914693,8.92,0.016059957173447537,,,,0.003440473129339162
2024-01-27,facebook,fb_1002,Conversions_Retargeting,fbset_2002,Cart_Abandoners,12567,567,209.4,36,,1267,,,,,,,,0.0451,9890,1.27,,,,,0.045118166626879924,0.3693121693121693,16.662687992360944,5.816666666666666,0.06349206349206349,,,,0.021172901921132456
2024-01-27,facebook,fb_1003,Traffic_Drive_Jan,fbset_2003,Lookalike_Purchasers,35890,1289,197.8,27,,4567,,,,,,,,0.0359,29567,1.21,,,,,0.03591529674003901,0.15345228859581073,5.511284480356645,7.325925925925926,0.02094647013188518,,,,0.0066898907565867355
2024-01-27,facebook,fb_1004,Video_Views_Campaign,fbset_2004,Video_Enthusiasts,68234,245,85.9,5,,45678,,,,,,,,0.0036,55890,1.22,,,,,0.0035905853386874577,0.3506122448979592,1.2589031860949087,17.18,0.02040816326530612,,,,0.0015369475755949186
2024-01-28,facebook,fb_1001,Brand_Awareness_Q1,fbset_2001,Broad_Audience_18-35,44567,890,127.6,13,,8123,,,,,,,,0.02,37456,1.19,,,,,0.019969932910000675,0.14337078651685392,2.863104987995602,9.815384615384614,0.014606741573033709,,,,0.00340666381888082
2024-01-28,facebook,fb_1002,Conversions_Retargeting,fbset_2002,Cart_Abandoners,11456,523,192.3,33,,1089,,,,,,,,0.0457,8967,1.28,,,,,0.04565293296089386,0.3676864244741874,16.785963687150836,5.827272727272728,0.06309751434034416,,,,0.02144529943124791
2024-01-28,facebook,fb_1003,Traffic_Drive_Jan,fbset_2003,Lookalike_Purchasers,33567,1203,184.5,25,,4123,,,,,,,,0.0358,27890,1.2,,,,,0.035838770220752526,0.15336658354114713,5.496469747073018,7.38,0.020781379883624274,,,,0.006615274291860882
2024-01-28,facebook,fb_1004,Video_Views_Campaign,fbset_2004,Video_Enthusiasts,65789,234,80.4,4,,43890,,,,,,,,0.0036,54123,1.21,,,,,0.003556825609144386,0.3435897435897436,1.2220887990393532,20.1,0.017094017094017096,,,,0.0014855052380688433
2024-01-29,facebook,fb_1001,Brand_Awareness_Q1,fbset_2001,Broad_Audience_18-35,47890,967,138.4,15,,8789,,,,,,,,0.0202,40234,1.19,,,,,0.020192106911672583,0.14312306101344366,2.8899561495092922,9.226666666666667,0.015511892450879007,,,,0.0034398767211810907
2024-01-29,facebook,fb_1002,Conversions_Retargeting,fbset_2002,Cart_Abandoners,13234,612,226.5,39,,1345,,,,,,,,0.0463,10456,1.27,,,,,0.046244521686564906,0.3700980392156863,17.115006800664954,5.8076923076923075,0.06372549019607843,,,,0.02166220351951033
2024-01-29,facebook,fb_1003,Traffic_Drive_Jan,fbset_2003,Lookalike_Purchasers,36234,1334,203.7,28,,4678,,,,,,,,0.0368,30123,1.2,,,,,0.036816249931004026,0.15269865067466265,5.621791687365458,7.2749999999999995,0.020989505247376312,,,,0.006762274673837267
2024-01-29,facebook,fb_1004,Video_Views_Campaign,fbset_2004,Video_Enthusiasts,69567,253,88.7,6,,46890,,,,,,,,0.0036,57123,1.22,,,,,0.0036367818074661837,0.3505928853754941,1.275029827360674,14.783333333333333,0.023715415019762844,,,,0.0015527895943840484
2024-01-30,facebook,fb_1001,Brand_Awareness_Q1,fbset_2001,Broad_Audience_18-35,49234,1001,142.8,16,,9012,,,,,,,,0.0203,41567,1.18,,,,,0.02033147824674006,0.14265734265734267,2.9004346589755046,8.925,0.015984015984015984,,,,0.003435417518704742
2024-01-30,facebook,fb_1002,Conversions_Retargeting,fbset_2002,Cart_Abandoners,14123,645,236.9,41,,1423,,,,,,,,0.0457,11123,1.27,,,,,0.04567018338879841,0.36728682170542637,16.77405650357573,5.778048780487805,0.06356589147286822,,,,0.021298210914321675
2024-01-30,facebook,fb_1003,Traffic_Drive_Jan,fbset_2003,Lookalike_Purchasers,37890,1412,216.5,30,,4956,,,,,,,,0.0373,30890,1.23,,,,,0.03726576933227765,0.153328611898017,5.713908683029823,7.216666666666667,0.021246458923512748,,,,0.007008740692780836
2024-01-30,facebook,fb_1004,Video_Views_Campaign,fbset_2004,Video_Enthusiasts,72123,261,91.3,7,,48567,,,,,,,,0.0036,58890,1.22,,,,,0.0036188178528347406,0.3498084291187739,1.265892988367095,13.042857142857143,0.02681992337164751,,,,0.0015503481066394974
2024-01-01,google,g_5001,Search_Brand_Terms,gad_6001,Brand_Exact,23456,1234,234.5,45,2250.0,,,,,,,,,,,,0.0526,0.19,9,0.92,0.05260914051841746,0.19003241491085898,9.99744201909959,5.211111111111111,0.03646677471636953,9.594882729211088,,,
2024-01-01,google,g_5002,Search_Generic_Terms,gad_6002,Product_Broad,45678,890,567.8,23,1150.0,,,,,,,,,,,,0.0195,0.64,7,0.45,0.019484215596129426,0.6379775280898876,12.430491702789089,24.686956521739127,0.025842696629213482,2.0253610426206414,,,
2024-01-01,google,g_5003,Shopping_All_Products,gad_6003,Best_Sellers,67890,2345,423.6,67,3350.0,,,,,,,,,,,,0.0345,0.18,8,0.67,0.03454116953896008,0.18063965884861408,6.23950508174989,6.322388059701493,0.02857142857142857,7.908404154863078,,,
2024-01-02,google,g_5001,Search_Brand_Terms,gad_6001,Brand_Exact,24567,1289,245.6,48,2400.0,,,,,,,,,,,,0.0525,0.19,9,0.91,0.05246875890422111,0.19053529868114819,9.997150649244922,5.116666666666666,0.037238169123351435,9.77198697068404,,,
2024-01-02,google,g_5002,Search_Generic_Terms,gad_6002,Product_Broad,43234,823,534.2,21,1050.0,,,,,,,,,,,,0.019,0.65,7,0.44,0.01903594393301568,0.6490886998784934,12.356016098441042,25.43809523809524,0.02551640340218712,1.9655559715462372,,,
2024-01-02,google,g_5003,Shopping_All_Products,gad_6003,Best_Sellers,71234,2456,445.8,71,3550.0,,,,,,,,,,,,0.0345,0.18,8,0.68,0.03447791784821855,0.18151465798045602,6.25824746609765,6.27887323943662,0.028908794788273615,7.963212202781516,,,
2024-01-03,google,g_5001,Search_Brand_Terms,gad_6001,Brand_Exact,22345,1123,213.4,42,2100.0,,,,,,,,,,,,0.0503,0.19,9,0.93,0.05025732826135601,0.190026714158504,9.550234951890804,5.080952380952381,0.037399821905609976,9.840674789128396,,,
2024-01-03,google,g_5002,Search_Generic_Terms,gad_6002,Product_Broad,47890,967,623.5,25,1250.0,,,,,,,,,,,,0.0202,0.64,6,0.43,0.020192106911672583,0.6447776628748707,13.019419503027772,24.94,0.025853154084798345,2.0048115477145148,,,
2024-01-03,google,g_5004,Display_Remarketing,gad_6004,Cart_Abandoners,123456,456,123.4,12,600.0,,,,,,,,,,,,0.0037,0.27,7,0.35,0.0036936236391912907,0.2706140350877193,0.9995463970969414,10.283333333333333,0.02631578947368421,4.862236628849271,,,
2024-01-04,google,g_5001,Search_Brand_Terms,gad_6001,Brand_Exact,25678,1345,256.7,50,2500.0,,,,,,,,,,,,0.0524,0.19,9,0.92,0.05237946880598177,0.1908550185873606,9.996884492561726,5.1339999999999995,0.03717472118959108,9.738994935722634,,,
2024-01-04,google,g_5003,Shopping_All_Products,gad_6003,Best_Sellers,69456,2234,412.3,65,3250.0,,,,,,,,,,,,0.0322,0.18,8,0.66,0.032164247869154575,0.18455684870188005,5.936132227597327,6.343076923076923,0.02909579230080573,7.882609750181906,,,
2024-01-04,google,g_5004,Display_Remarketing,gad_6004,Cart_Abandoners,134567,489,134.5,14,700.0,,,,,,,,,,,,0.0036,0.28,7,0.36,0.003633877547987248,0.27505112474437626,0.9995021067572287,9.607142857142858,0.028629856850715747,5.204460966542751,,,
2024-01-05,google,g_5001,Search_Brand_Terms,gad_6001,Brand_Exact,23890,1234,234.9,46,2300.0,,,,,,,,,,,,0.0517,0.19,9,0.91,0.05165341146923399,0.19035656401944895,9.83256592716618,5.106521739130435,0.03727714748784441,9.791400595998297,,,
2024-01-05,google,g_5002,Search_Generic_Terms,gad_6002,Product_Broad,46234,912,589.3,24,1200.0,,,,,,,,,,,,0.0197,0.65,7,0.45,0.019725742959726608,0.6461622807017543,12.74603105939352,24.554166666666664,0.02631578947368421,2.036314271169184,,,
2024-01-05,google,g_5004,Display_Remarketing,gad_6004,Cart_Abandoners,128901,467,128.9,13,650.0,,,,,,,,,,,,0.0036,0.28,7,0.34,0.0036229354310672534,0.27601713062098504,0.9999922421082846,9.915384615384616,0.027837259100642397,5.04266873545384,,,
2024-01-06,google,g_5001,Search_Brand_Terms,gad_6001,Brand_Exact,24234,1267,241.2,47,2350.0,,,,,,,,,,,,0.0523,0.19,9,0.92,0.052281917966493355,0.19037095501183898,9.952958653131963,5.131914893617021,0.037095501183898975,9.742951907131012,,,
2024-01-06,google,g_5003,Shopping_All_Products,gad_6003,Best_Sellers,72345,2378,432.9,69,3450.0,,,,,,,,,,,,0.0329,0.18,8,0.67,0.03287027437970834,0.18204373423044573,5.9838274932614555,6.27391304347826,0.029015979814970564,7.96950796950797,,,
2024-01-06,google,g_5004,Display_Remarketing,gad_6004,Cart_Abandoners,131234,478,132.4,13,650.0,,,,,,,,,,,,0.0036,0.28,7,0.35,0.0036423487815657528,0.2769874476987448,1.0088848926345306,10.184615384615386,0.027196652719665274,4.909365558912387,,,
2024-01-07,google,g_5001,Search_Brand_Terms,gad_6001,Brand_Exact,26789,1456,278.9,54,2700.0,,,,,,,,,,,,0.0544,0.19,9,0.93,0.05435066631826496,0.1915521978021978,10.41098958527754,5.1648148148148145,0.03708791208791209,9.680889207601291,,,
2024-01-07,google,g_5002,Search_Generic_Terms,gad_6002,Product_Broad,44567,878,567.2,22,1100.0,,,,,,,,,,,,0.0197,0.65,6,0.44,0.019700675387618643,0.6460136674259681,12.726905557924024,25.781818181818185,0.025056947608200455,1.93935119887165,,,
2024-01-07,google,g_5003,Shopping_All_Products,gad_6003,Best_Sellers,70234,2289,419.5,66,3300.0,,,,,,,,,,,,0.0326,0.18,8,0.66,0.032591052766466386,0.18326780253385758,5.972890622775294,6.356060606060606,0.028833551769331587,7.866507747318236,,,
2024-01-08,google,g_5001,Search_Brand_Terms,gad_6001,Brand_Exact,22567,1134,216.8,43,2150.0,,,,,,,,,,,,0.0503,0.19,9,0.91,0.050250365578056455,0.19118165784832453,9.606948198697213,5.0418604651162795,0.03791887125220458,9.916974169741698,,,
2024-01-08,google,g_5002,Search_Generic_Terms,gad_6002,Product_Broad,48234,989,634.7,26,1300.0,,,,,,,,,,,,0.0205,0.64,7,0.46,0.020504208649500352,0.6417593528816987,13.158767674254674,24.411538461538463,0.0262891809908999,2.0482117535843702,,,
2024-01-08,google,g_5004,Display_Remarketing,gad_6004,Cart_Abandoners,125678,445,121.3,11,550.0,,,,,,,,,,,,0.0035,0.27,7,0.34,0.0035407947293878005,0.2725842696629213,0.9651649453364949,11.027272727272727,0.024719101123595506,4.534212695795548,,,
2024-01-09,google,g_5001,Search_Brand_Terms,gad_6001,Brand_Exact,25234,1312,250.3,49,2450.0,,,,,,,,,,,,0.052,0.19,9,0.92,0.05199334231592296,0.19077743902439026,9.919156693350242,5.108163265306123,0.037347560975609755,9.788254095085897,,,
2024-01-09,google,g_5003,Shopping_All_Products,gad_6003,Best_Sellers,73456,2423,441.8,70,3500.0,,,,,,,,,,,,0.033,0.18,8,0.68,0.032985732955783054,0.18233594717292612,6.014484861685907,6.311428571428571,0.028889806025588115,7.922136713444997,,,
2024-01-09,google,g_5004,Display_Remarketing,gad_6004,Cart_Abandoners,129345,456,125.6,12,600.0,,,,,,,,,,,,0.0035,0.28,7,0.35,0.0035254551780122927,0.27543859649122804,0.9710464262244385,10.466666666666667,0.02631578947368421,4.777070063694268,,,
2024-01-10,google,g_5001,Search_Brand_Terms,gad_6001,Brand_Exact,24678,1289,245.9,48,2400.0,,,,,,,,,,,,0.0522,0.19,9,0.91,0.05223275792203582,0.19076803723816912,9.964340708323203,5.122916666666667,0.037238169123351435,9.760065067100447,,,
2024-01-10,google,g_5002,Search_Generic_Terms,gad_6002,Product_Broad,45234,901,578.9,23,1150.0,,,,,,,,,,,,0.0199,0.64,7,0.45,0.01991864526683468,0.6425083240843507,12.797895388424637,25.169565217391302,0.025527192008879023,1.9865261703230266,,,
2024-01-10,google,g_5003,Shopping_All_Products,gad_6003,Best_Sellers,68901,2267,414.2,64,3200.0,,,,,,,,,,,,0.0329,0.18,8,0.67,0.03290228008301766,0.1827084252315836,6.011523780496654,6.471875,0.0282311424790472,7.725736359246741,,,
2024-01-11,google,g_5001,Search_Brand_Terms,gad_6001,Brand_Exact,26234,1378,263.4,52,2600.0,,,,,,,,,,,,0.0525,0.19,9,0.92,0.05252725470763132,0.1911465892597968,10.040405580544332,5.065384615384615,0.03773584905660377,9.870918754745635,,,
2024-01-11,google,g_5002,Search_Generic_Terms,gad_6002,Product_Broad,47890,934,612.5,26,1300.0,,,,,,,,,,,,0.0195,0.66,7,0.46,0.01950302777197745,0.6557815845824411,12.789726456462727,23.557692307692307,0.027837259100642397,2.122448979591837,,,
2024-01-11,google,g_5003,Shopping_All_Products,gad_6003,Best_Sellers,71234,2456,445.8,71,3550.0,,,,,,,,,,,,0.0345,0.18,8,0.68,0.03447791784821855,0.18151465798045602,6.25824746609765,6.27887323943662,0.028908794788273615,7.963212202781516,,,
2024-01-11,google,g_5004,Display_Remarketing,gad_6004,Cart_Abandoners,136789,512,142.3,15,750.0,,,,,,,,,,,,0.0037,0.28,7,0.36,0.003742991029980481,0.2779296875,1.040288327277778,9.486666666666668,0.029296875,5.270555165144062,,,
2024-01-12,google,g_5001,Search_Brand_Terms,gad_6001,Brand_Exact,25123,1312,250.4,49,2450.0,,,,,,,,,,,,0.0522,0.19,9,0.91,0.05222306253234088,0.19085365853658537,9.966962544282133,5.110204081632653,0.037347560975609755,9.784345047923322,,,
2024-01-12,google,g_5002,Search_Generic_Terms,gad_6002,Product_Broad,46567,912,596.7,24,1200.0,,,,,,,,,,,,0.0196,0.65,7,0.45,0.019584684433182297,0.6542763157894738,12.81379517684197,24.8625,0.02631578947368421,2.0110608345902463,,,
2024-01-12,google,g_5003,Shopping_All_Products,gad_6003,Best_Sellers,69890,2334,428.9,66,3300.0,,,,,,,,,,,,0.0334,0.18,8,0.67,0.03339533552725712,0.18376178234790058,6.136786378594935,6.498484848484848,0.028277634961439587,7.694101189088366,,,
2024-01-12,google,g_5004,Display_Remarketing,gad_6004,Cart_Abandoners,133456,489,131.2,14,700.0,,,,,,,,,,,,0.0037,0.27,7,0.35,0.0036641290013187866,0.26830265848670753,0.9830955520920753,9.37142857142857,0.028629856850715747,5.335365853658537,,,
2024-01-13,google,g_5001,Search_Brand_Terms,gad_6001,Brand_Exact,22456,1156,220.4,43,2150.0,,,,,,,,,,,,0.0515,0.19,9,0.9,0.05147844674029212,0.1906574394463668,9.814748842180263,5.125581395348838,0.037197231833910036,9.754990925589837,,,
2024-01-13,google,g_5002,Search_Generic_Terms,gad_6002,Product_Broad,41234,823,528.9,21,1050.0,,,,,,,,,,,,0.02,0.64,6,0.43,0.019959256923897755,0.6426488456865127,12.82679342290343,25.185714285714283,0.02551640340218712,1.9852524106636416,,,
2024-01-13,google,g_5003,Shopping_All_Products,gad_6003,Best_Sellers,63456,2089,382.6,60,3000.0,,,,,,,,,,,,0.0329,0.18,8,0.65,0.03292044881492688,0.18314983245572045,6.029374684820978,6.376666666666667,0.028721876495931067,7.841087297438578,,,
2024-01-13,google,g_5004,Display_Remarketing,gad_6004,Cart_Abandoners,119234,434,116.8,12,600.0,,,,,,,,,,,,0.0036,0.27,7,0.33,0.003639901370414479,0.26912442396313363,0.9795863595954174,9.733333333333333,0.027649769585253458,5.136986301369864,,,
2024-01-14,google,g_5001,Search_Brand_Terms,gad_6001,Brand_Exact,21234,1089,207.8,41,2050.0,,,,,,,,,,,,0.0513,0.19,9,0.89,0.05128567391918621,0.1908172635445363,9.786191956296506,5.068292682926829,0.03764921946740129,9.865255052935515,,,
2024-01-14,google,g_5002,Search_Generic_Terms,gad_6002,Product_Broad,39567,789,507.4,19,950.0,,,,,,,,,,,,0.0199,0.64,6,0.42,0.019940859807415272,0.6430925221799746,12.82381782798797,26.705263157894734,0.024081115335868188,1.8722901064249113,,,
2024-01-14,google,g_5003,Shopping_All_Products,gad_6003,Best_Sellers,61890,2012,369.3,58,2900.0,,,,,,,,,,,,0.0325,0.18,8,0.64,0.03250929067700759,0.18354870775347912,5.96703829374697,6.367241379310345,0.02882703777335984,7.85269428648795,,,
2024-01-14,google,g_5004,Display_Remarketing,gad_6004,Cart_Abandoners,115678,412,113.4,11,550.0,,,,,,,,,,,,0.0036,0.28,7,0.32,0.003561610677916285,0.275242718446602,0.9803074050381231,10.30909090909091,0.02669902912621359,4.850088183421517,,,
2024-01-15,google,g_5001,Search_Brand_Terms,gad_6001,Brand_Exact,23890,1234,235.6,46,2300.0,,,,,,,,,,,,0.0517,0.19,9,0.91,0.05165341146923399,0.19092382495948135,9.861866889912097,5.121739130434783,0.03727714748784441,9.762308998302208,,,
2024-01-15,google,g_5002,Search_Generic_Terms,gad_6002,Product_Broad,43789,856,560.9,22,1100.0,,,,,,,,,,,,0.0195,0.66,7,0.44,0.019548288382927218,0.6552570093457943,12.809152983626024,25.495454545454546,0.02570093457943925,1.961133891959351,,,
2024-01-15,google,g_5003,Shopping_All_Products,gad_6003,Best_Sellers,67234,2234,411.7,65,3250.0,,,,,,,,,,,,0.0332,0.18,8,0.66,0.03322723621976976,0.1842882721575649,6.123389951512627,6.333846153846154,0.02909579230080573,7.894097643915472,,,
2024-01-15,google,g_5004,Display_Remarketing,gad_6004,Cart_Abandoners,128901,467,126.7,13,650.0,,,,,,,,,,,,0.0036,0.27,7,0.34,0.0036229354310672534,0.27130620985010706,0.9829248803345203,9.746153846153847,0.027837259100642397,5.130228887134964,,,
2024-01-16,google,g_5001,Search_Brand_Terms,gad_6001,Brand_Exact,25456,1345,257.3,51,2550.0,,,,,,,,,,,,0.0528,0.19,9,0.92,0.0528362664990572,0.1913011152416357,10.107636706473915,5.045098039215686,0.0379182156133829,9.910610182666147,,,
2024-01-16,google,g_5002,Search_Generic_Terms,gad_6002,Product_Broad,45678,901,584.5,24,1200.0,,,,,,,,,,,,0.0197,0.65,7,0.45,0.01972503174394676,0.6487236403995561,12.796094399929945,24.354166666666668,0.026637069922308545,2.0530367835757057,,,
2024-01-16,google,g_5003,Shopping_All_Products,gad_6003,Best_Sellers,70123,2378,435.8,69,3450.0,,,,,,,,,,,,0.0339,0.18,8,0.67,0.03391184062290547,0.1832632464255677,6.214794004820102,6.315942028985507,0.029015979814970564,7.91647544745296,,,
2024-01-16,google,g_5004,Display_Remarketing,gad_6004,Cart_Abandoners,132567,489,130.5,14,700.0,,,,,,,,,,,,0.0037,0.27,7,0.35,0.0036887008078933673,0.2668711656441718,0.9844078843151011,9.321428571428571,0.028629856850715747,5.363984674329502,,,
2024-01-17,google,g_5001,Search_Brand_Terms,gad_6001,Brand_Exact,26789,1456,278.9,54,2700.0,,,,,,,,,,,,0.0544,0.19,9,0.93,0.05435066631826496,0.1915521978021978,10.41098958527754,5.1648148148148145,0.03708791208791209,9.680889207601291,,,
2024-01-17,google,g_5002,Search_Generic_Terms,gad_6002,Product_Broad,47234,967,605.6,25,1250.0,,,,,,,,,,,,0.0205,0.63,7,0.46,0.020472540966253124,0.6262668045501552,12.821272811957488,24.224,0.025853154084798345,2.0640686922060767,,,
2024-01-17,google,g_5003,Shopping_All_Products,gad_6003,Best_Sellers,72456,2489,450.7,72,3600.0,,,,,,,,,,,,0.0344,0.18,8,0.68,0.034351882521806335,0.1810767376456408,6.220326819035001,6.259722222222222,0.02892728003214142,7.987574883514533,,,
2024-01-17,google,g_5004,Display_Remarketing,gad_6004,Cart_Abandoners,138901,534,136.4,15,750.0,,,,,,,,,,,,0.0038,0.26,7,0.36,0.003844464762672695,0.2554307116104869,0.981994370090928,9.093333333333334,0.028089887640449437,5.4985337243401755,,,
2024-01-18,google,g_5001,Search_Brand_Terms,gad_6001,Brand_Exact,25789,1389,265.2,52,2600.0,,,,,,,,,,,,0.0538,0.19,9,0.92,0.05386017294195199,0.19092872570194383,10.283454185893211,5.1,0.037437005039596835,9.803921568627452,,,
2024-01-18,google,g_5002,Search_Generic_Terms,gad_6002,Product_Broad,46123,923,590.3,24,1200.0,,,,,,,,,,,,0.02,0.64,7,0.45,0.020011707824729528,0.6395449620801733,12.798386921926154,24.59583333333333,0.02600216684723727,2.032864645095714,,,
2024-01-18,google,g_5003,Shopping_All_Products,gad_6003,Best_Sellers,71567,2412,442.3,70,3500.0,,,,,,,,,,,,0.0337,0.18,8,0.68,0.033702684198024226,0.1833747927031509,6.180222728352453,6.3185714285714285,0.02902155887230514,7.913181098801718,,,
2024-01-18,google,g_5004,Display_Remarketing,gad_6004,Cart_Abandoners,135234,501,133.6,14,700.0,,,,,,,,,,,,0.0037,0.27,7,0.35,0.003704689649052753,0.26666666666666666,0.9879172397474008,9.542857142857143,0.027944111776447105,5.2395209580838324,,,
2024-01-19,google,g_5001,Search_Brand_Terms,gad_6001,Brand_Exact,24567,1289,246.8,48,2400.0,,,,,,,,,,,,0.0525,0.19,9,0.91,0.05246875890422111,0.19146625290923197,10.045996662189115,5.141666666666667,0.037238169123351435,9.724473257698541,,,
2024-01-19,google,g_5002,Search_Generic_Terms,gad_6002,Product_Broad,44890,890,574.7,23,1150.0,,,,,,,,,,,,0.0198,0.65,7,0.44,0.019826241924704835,0.6457303370786517,12.802405881042548,24.98695652173913,0.025842696629213482,2.001044022968505,,,
2024-01-19,google,g_5003,Shopping_All_Products,gad_6003,Best_Sellers,69234,2301,423.5,67,3350.0,,,,,,,,,,,,0.0332,0.18,8,0.67,0.03323511569460092,0.1840504128639722,6.116936765173181,6.32089552238806,0.029117774880486745,7.910271546635183,,,
2024-01-19,google,g_5004,Display_Remarketing,gad_6004,Cart_Abandoners,131567,478,129.4,13,650.0,,,,,,,,,,,,0.0036,0.27,7,0.34,0.003633129888193848,0.27071129707112973,0.9835293044608451,9.953846153846154,0.027196652719665274,5.023183925811437,,,
2024-01-20,google,g_5001,Search_Brand_Terms,gad_6001,Brand_Exact,22345,1123,214.5,42,2100.0,,,,,,,,,,,,0.0503,0.19,9,0.89,0.05025732826135601,0.19100623330365094,9.599462967106735,5.107142857142857,0.037399821905609976,9.79020979020979,,,
2024-01-20,google,g_5002,Search_Generic_Terms,gad_6002,Product_Broad,40567,812,520.4,20,1000.0,,,,,,,,,,,,0.02,0.64,6,0.42,0.020016269381517,0.6408866995073891,12.828160820371238,26.02,0.024630541871921183,1.9215987701767872,,,
2024-01-20,google,g_5003,Shopping_All_Products,gad_6003,Best_Sellers,64890,2067,376.8,59,2950.0,,,,,,,,,,,,0.0319,0.18,8,0.65,0.031853906611188164,0.18229317851959362,5.806749884419787,6.386440677966102,0.028543783260764392,7.829087048832272,,,
2024-01-20,google,g_5004,Display_Remarketing,gad_6004,Cart_Abandoners,124567,445,122.3,12,600.0,,,,,,,,,,,,0.0036,0.27,7,0.33,0.00357237470598152,0.2748314606741573,0.9818009585203143,10.191666666666666,0.02696629213483146,4.905968928863451,,,
2024-01-21,google,g_5001,Search_Brand_Terms,gad_6001,Brand_Exact,21567,1089,207.8,41,2050.0,,,,,,,,,,,,0.0505,0.19,9,0.88,0.050493809987480875,0.1908172635445363,9.635090647748875,5.068292682926829,0.03764921946740129,9.865255052935515,,,
2024-01-21,google,g_5002,Search_Generic_Terms,gad_6002,Product_Broad,38901,778,498.7,19,950.0,,,,,,,,,,,,0.02,0.64,6,0.41,0.019999485874399116,0.6410025706940874,12.819721858049922,26.24736842105263,0.02442159383033419,1.904952877481452,,,
2024-01-21,google,g_5003,Shopping_All_Products,gad_6003,Best_Sellers,62345,1989,365.4,57,2850.0,,,,,,,,,,,,0.0319,0.18,8,0.63,0.03190311973694763,0.183710407239819,5.860935119095356,6.410526315789474,0.02865761689291101,7.7996715927750415,,,
2024-01-21,google,g_5004,Display_Remarketing,gad_6004,Cart_Abandoners,118234,423,116.2,11,550.0,,,,,,,,,,,,0.0036,0.27,7,0.32,0.003577651098668742,0.27470449172576833,0.9827968266319332,10.563636363636364,0.026004728132387706,4.733218588640275,,,
2024-01-22,google,g_5001,Search_Brand_Terms,gad_6001,Brand_Exact,24234,1267,241.2,47,2350.0,,,,,,,,,,,,0.0523,0.19,9,0.91,0.052281917966493355,0.19037095501183898,9.952958653131963,5.131914893617021,0.037095501183898975,9.742951907131012,,,
2024-01-22,google,g_5002,Search_Generic_Terms,gad_6002,Product_Broad,42890,845,549.3,22,1100.0,,,,,,,,,,,,0.0197,0.65,7,0.44,0.019701562135695967,0.650059171597633,12.807181161109815,24.968181818181815,0.02603550295857988,2.0025486983433463,,,
2024-01-22,google,g_5003,Shopping_All_Products,gad_6003,Best_Sellers,66789,2223,407.9,64,3200.0,,,,,,,,,,,,0.0333,0.18,8,0.66,0.033283923999460986,0.18349077822762033,6.107293117130066,6.3734375,0.028789923526765633,7.845060063741114,,,
2024-01-22,google,g_5004,Display_Remarketing,gad_6004,Cart_Abandoners,127890,456,125.6,13,650.0,,,,,,,,,,,,0.0036,0.28,7,0.34,0.0035655641566971616,0.27543859649122804,0.9820939870200954,9.661538461538461,0.02850877192982456,5.17515923566879,,,
2024-01-23,google,g_5001,Search_Brand_Terms,gad_6001,Brand_Exact,25678,1356,259.4,51,2550.0,,,,,,,,,,,,0.0528,0.19,9,0.92,0.05280785107874445,0.19129793510324483,10.102032868603473,5.086274509803921,0.03761061946902655,9.830377794911335,,,
2024-01-23,google,g_5002,Search_Generic_Terms,gad_6002,Product_Broad,45123,912,577.8,24,1200.0,,,,,,,,,,,,0.0202,0.63,7,0.45,0.02021142211289143,0.6335526315789474,12.804999667575295,24.075,0.02631578947368421,2.076843198338526,,,
2024-01-23,google,g_5003,Shopping_All_Products,gad_6003,Best_Sellers,70234,2389,432.6,69,3450.0,,,,,,,,,,,,0.034,0.18,8,0.67,0.03401486459549506,0.18107994976977815,6.15940997237805,6.269565217391305,0.02888237756383424,7.9750346740638,,,
2024-01-23,google,g_5004,Display_Remarketing,gad_6004,Cart_Abandoners,133456,489,131.2,14,700.0,,,,,,,,,,,,0.0037,0.27,7,0.35,0.0036641290013187866,0.26830265848670753,0.9830955520920753,9.37142857142857,0.028629856850715747,5.335365853658537,,,
2024-01-24,google,g_5001,Search_Brand_Terms,gad_6001,Brand_Exact,27123,1434,274.3,55,2750.0,,,,,,,,,,,,0.0529,0.19,9,0.93,0.052870257714854554,0.19128312412831242,10.113188069166391,4.987272727272727,0.038354253835425386,10.02551950419249,,,
2024-01-24,google,g_5002,Search_Generic_Terms,gad_6002,Product_Broad,47890,978,613.5,26,1300.0,,,,,,,,,,,,0.0204,0.63,7,0.46,0.02042179995823763,0.6273006134969326,12.810607642514094,23.596153846153847,0.026584867075664622,2.1189894050529747,,,
2024-01-24,google,g_5003,Shopping_All_Products,gad_6003,Best_Sellers,73456,2501,456.7,73,3650.0,,,,,,,,,,,,0.034,0.18,8,0.69,0.03404759311696798,0.18260695721711315,6.217327379655848,6.256164383561644,0.029188324670131948,7.992117363696081,,,
2024-01-24,google,g_5004,Display_Remarketing,gad_6004,Cart_Abandoners,139234,523,136.8,15,750.0,,,,,,,,,,,,0.0038,0.26,7,0.36,0.0037562664291767816,0.26156787762906314,0.9825186376890702,9.120000000000001,0.028680688336520075,5.482456140350877,,,
2024-01-25,google,g_5001,Search_Brand_Terms,gad_6001,Brand_Exact,28234,1512,287.6,58,2900.0,,,,,,,,,,,,0.0535,0.19,9,0.94,0.05355245448749734,0.19021164021164022,10.186300205426082,4.958620689655173,0.03835978835978836,10.083449235048677,,,
2024-01-25,google,g_5002,Search_Generic_Terms,gad_6002,Product_Broad,49567,1012,634.2,27,1350.0,,,,,,,,,,,,0.0204,0.63,7,0.47,0.020416809570883855,0.6266798418972332,12.794802993927412,23.48888888888889,0.0266798418972332,2.128666035950804,,,
2024-01-25,google,g_5003,Shopping_All_Products,gad_6003,Best_Sellers,75234,2567,467.8,75,3750.0,,,,,,,,,,,,0.0341,0.18,8,0.7,0.03412021160645453,0.18223607323724192,6.217933381184039,6.237333333333334,0.0292169848071679,8.01624625908508,,,
2024-01-25,google,g_5004,Display_Remarketing,gad_6004,Cart_Abandoners,142345,545,139.9,16,800.0,,,,,,,,,,,,0.0038,0.26,7,0.37,0.0038287259826477924,0.25669724770642205,0.9828234219677544,8.74375,0.029357798165137616,5.718370264474625,,,
2024-01-26,google,g_5001,Search_Brand_Terms,gad_6001,Brand_Exact,26789,1378,263.4,53,2650.0,,,,,,,,,,,,0.0515,0.19,9,0.92,0.05143902347978648,0.1911465892597968,9.83239389301579,4.969811320754717,0.038461538461538464,10.06074411541382,,,
2024-01-26,google,g_5002,Search_Generic_Terms,gad_6002,Product_Broad,47234,945,605.6,25,1250.0,,,,,,,,,,,,0.02,0.64,7,0.46,0.02000677478087818,0.6408465608465609,12.821272811957488,24.224,0.026455026455026454,2.0640686922060767,,,
2024-01-26,google,g_5003,Shopping_All_Products,gad_6003,Best_Sellers,72890,2434,450.2,71,3550.0,,,,,,,,,,,,0.0334,0.18,8,0.69,0.033392783646590755,0.1849630238290879,6.176430237343943,6.340845070422535,0.029170090386195564,7.885384273656153,,,
2024-01-26,google,g_5004,Display_Remarketing,gad_6004,Cart_Abandoners,138567,512,136.2,15,750.0,,,,,,,,,,,,0.0037,0.27,7,0.36,0.0036949634472854286,0.266015625,0.9829180107817879,9.08,0.029296875,5.506607929515419,,,
2024-01-27,google,g_5001,Search_Brand_Terms,gad_6001,Brand_Exact,25234,1312,250.3,49,2450.0,,,,,,,,,,,,0.052,0.19,9,0.91,0.05199334231592296,0.19077743902439026,9.919156693350242,5.108163265306123,0.037347560975609755,9.788254095085897,,,
2024-01-27,google,g_5002,Search_Generic_Terms,gad_6002,Product_Broad,45678,901,584.5,24,1200.0,,,,,,,,,,,,0.0197,0.65,7,0.45,0.01972503174394676,0.6487236403995561,12.796094399929945,24.354166666666668,0.026637069922308545,2.0530367835757057,,,
2024-01-27,google,g_5003,Shopping_All_Products,gad_6003,Best_Sellers,70123,2356,431.2,68,3400.0,,,,,,,,,,,,0.0336,0.18,8,0.68,0.03359810618484663,0.1830220713073005,6.149194985953254,6.341176470588235,0.028862478777589132,7.884972170686456,,,
2024-01-27,google,g_5004,Display_Remarketing,gad_6004,Cart_Abandoners,134890,489,132.7,14,700.0,,,,,,,,,,,,0.0036,0.27,7,0.35,0.003625176069389873,0.2713701431492842,0.9837645488916895,9.478571428571428,0.028629856850715747,5.275056518462698,,,
2024-01-28,google,g_5001,Search_Brand_Terms,gad_6001,Brand_Exact,23567,1189,226.8,44,2200.0,,,,,,,,,,,,0.0505,0.19,9,0.9,0.050451903084821996,0.19074852817493693,9.623626257054356,5.154545454545455,0.03700588730025231,9.700176366843033,,,
2024-01-28,google,g_5002,Search_Generic_Terms,gad_6002,Product_Broad,42890,834,549.3,21,1050.0,,,,,,,,,,,,0.0195,0.66,7,0.43,0.01944509209605969,0.6586330935251798,12.807181161109815,26.157142857142855,0.025179856115107913,1.9115237575095578,,,
2024-01-28,google,g_5003,Shopping_All_Products,gad_6003,Best_Sellers,66234,2167,395.8,61,3050.0,,,,,,,,,,,,0.0327,0.18,8,0.66,0.03271733550744331,0.1826488232579603,5.9757828305704015,6.488524590163935,0.02814951545916013,7.7059120768064675,,,
2024-01-28,google,g_5004,Display_Remarketing,gad_6004,Cart_Abandoners,127345,445,125.1,12,600.0,,,,,,,,,,,,0.0035,0.28,7,0.33,0.003494444226314343,0.28112359550561794,0.9823707251953355,10.424999999999999,0.02696629213483146,4.796163069544365,,,
2024-01-29,google,g_5001,Search_Brand_Terms,gad_6001,Brand_Exact,24890,1278,244.2,47,2350.0,,,,,,,,,,,,0.0513,0.19,9,0.91,0.051345922057051026,0.19107981220657277,9.811169144234633,5.195744680851064,0.036776212832550864,9.623259623259624,,,
2024-01-29,google,g_5002,Search_Generic_Terms,gad_6002,Product_Broad,44567,878,570.8,23,1150.0,,,,,,,,,,,,0.0197,0.65,7,0.44,0.019700675387618643,0.6501138952164008,12.807682814638634,24.817391304347826,0.02619589977220957,2.0147161878065876,,,
2024-01-29,google,g_5003,Shopping_All_Products,gad_6003,Best_Sellers,68456,2289,419.5,66,3300.0,,,,,,,,,,,,0.0334,0.18,8,0.67,0.033437536519808346,0.18326780253385758,6.128023840130887,6.356060606060606,0.028833551769331587,7.866507747318236,,,
2024-01-29,google,g_5004,Display_Remarketing,gad_6004,Cart_Abandoners,131234,467,128.9,13,650.0,,,,,,,,,,,,0.0036,0.28,7,0.34,0.0035585290397305578,0.27601713062098504,0.9822149747778777,9.915384615384616,0.027837259100642397,5.04266873545384,,,
2024-01-30,google,g_5001,Search_Brand_Terms,gad_6001,Brand_Exact,25456,1334,254.6,50,2500.0,,,,,,,,,,,,0.0524,0.19,9,0.92,0.052404148334380896,0.19085457271364317,10.001571338780641,5.092,0.037481259370314844,9.819324430479183,,,
2024-01-30,google,g_5002,Search_Generic_Terms,gad_6002,Product_Broad,45890,912,587.7,24,1200.0,,,,,,,,,,,,0.0199,0.64,7,0.45,0.019873610808455,0.6444078947368421,12.806711701895837,24.4875,0.02631578947368421,2.041858090862685,,,
2024-01-30,google,g_5003,Shopping_All_Products,gad_6003,Best_Sellers,70234,2367,432.1,68,3400.0,,,,,,,,,,,,0.0337,0.18,8,0.67,0.033701625993108754,0.18255175327418674,6.152290913232907,6.354411764705882,0.0287283481199831,7.868548947003008,,,
2024-01-30,google,g_5004,Display_Remarketing,gad_6004,Cart_Abandoners,133456,478,131.2,14,700.0,,,,,,,,,,,,0.0036,0.27,7,0.35,0.0035817048315549696,0.2744769874476987,0.9830955520920753,9.37142857142857,0.029288702928870293,5.335365853658537,,,
2024-01-01,tiktok,tt_8001,Awareness_GenZ,ttad_9001,Dance_Challenge,234567,3456,456.7,34,,198234,156234,98234,67234,45234,8923,2345,567,,,,,,,,0.014733530291984806,0.13214699074074074,1.9469916910733394,13.43235294117647,0.009837962962962963,,0.2281848724234995,0.05045466753635422,
2024-01-01,tiktok,tt_8002,Conversion_Focus,ttad_9002,Product_Demo,123456,2345,678.9,67,,89234,67234,45234,34234,23456,4567,1234,234,,,,,,,,0.018994621565578018,0.2895095948827292,5.499125194401244,10.132835820895522,0.02857142857142857,,0.26285944819239304,0.04888381285640228,
2024-01-01,tiktok,tt_8003,Traffic_Campaign,ttad_9003,Trending_Sounds,189234,2890,345.6,23,,145678,112345,89234,56789,34567,6789,1890,456,,,,,,,,0.015272096980458057,0.1195847750865052,1.8263102825073718,15.02608695652174,0.00795847750865052,,0.2372835980724612,0.04827356606106725,
2024-01-02,tiktok,tt_8001,Awareness_GenZ,ttad_9001,Dance_Challenge,245678,3678,478.9,36,,207345,163456,102345,70234,47234,9234,2456,589,,,,,,,,0.014970815457631534,0.13020663404023924,1.9492994895757862,13.302777777777777,0.009787928221859706,,0.22780390170971088,0.049980055194197286,
2024-01-02,tiktok,tt_8002,Conversion_Focus,ttad_9002,Product_Demo,134567,2567,712.3,71,,95678,71234,48234,36234,24567,4789,1345,245,,,,,,,,0.019075999316325698,0.2774834437086093,5.29327398247713,10.032394366197183,0.02765874561745228,,0.25676749095925916,0.047403895457281506,
2024-01-02,tiktok,tt_8003,Traffic_Campaign,ttad_9003,Trending_Sounds,198345,3012,361.2,25,,152345,117234,93234,59234,36234,7123,1967,478,,,,,,,,0.015185661347651818,0.1199203187250996,1.8210693488618317,14.448,0.008300132802124834,,0.23784174078571663,0.04823917920794575,
2024-01-03,tiktok,tt_8001,Awareness_GenZ,ttad_9001,Dance_Challenge,223456,3234,434.5,32,,189234,148234,93234,63456,43234,8567,2234,534,,,,,,,,0.014472647859086352,0.13435374149659865,1.9444543892309896,13.578125,0.009894867037724181,,0.22846845704260335,0.050725869969926965,
2024-01-03,tiktok,tt_8002,Conversion_Focus,ttad_9002,Product_Demo,112345,2123,623.4,62,,82345,61234,41234,31234,21234,4234,1123,212,,,,,,,,0.018897147180559883,0.29364107395195477,5.548978592727758,10.05483870967742,0.02920395666509656,,0.2578662942498027,0.04957051938226,
2024-01-03,tiktok,tt_8004,Influencer_Collab,ttad_9004,Creator_Partnership,345678,5678,890.1,89,,289234,234567,189234,134567,89234,15678,4567,1234,,,,,,,,0.0164256909609521,0.15676294469883761,2.574939683751931,10.001123595505618,0.01567453328636844,,0.30851836229488927,0.06213586054073444,
2024-01-04,tiktok,tt_8001,Awareness_GenZ,ttad_9001,Dance_Challenge,256789,3890,512.3,39,,217456,170234,107234,72456,48456,9567,2567,612,,,,,,,,0.01514862396753755,0.13169665809768635,1.9950231513032097,13.135897435897435,0.010025706940874035,,0.22283128540946215,0.049636082542476506,
2024-01-04,tiktok,tt_8003,Traffic_Campaign,ttad_9003,Trending_Sounds,201234,3123,374.5,26,,157890,121234,96234,61234,37456,7345,2034,489,,,,,,,,0.01551924625063359,0.11991674671789945,1.8610175218899392,14.403846153846153,0.008325328210054436,,0.23722845018683894,0.0490374390013616,
2024-01-04,tiktok,tt_8004,Influencer_Collab,ttad_9004,Creator_Partnership,367890,6012,923.4,94,,301234,245678,196789,140234,93456,16234,4789,1289,,,,,,,,0.01634184131126152,0.1535928143712575,2.5099893990051374,9.823404255319149,0.015635395874916833,,0.3102438635744969,0.06064856342928593,
2024-01-05,tiktok,tt_8001,Awareness_GenZ,ttad_9001,Dance_Challenge,234234,3467,460.2,35,,199234,156789,98789,67789,45456,8945,2367,578,,,,,,,,0.014801437878360956,0.13273723680415345,1.9647019647019648,13.148571428571428,0.010095183155465821,,0.22815382916570465,0.05076120460735845,
2024-01-05,tiktok,tt_8002,Conversion_Focus,ttad_9002,Product_Demo,128901,2456,689.5,68,,91234,68234,45789,34567,23678,4678,1267,237,,,,,,,,0.019053382052893305,0.28074104234527686,5.349066337732058,10.139705882352942,0.02768729641693811,,0.25953043821382377,0.04795928658427786,
2024-01-05,tiktok,tt_8004,Influencer_Collab,ttad_9004,Creator_Partnership,356789,5834,901.2,91,,293456,239234,191234,136234,90234,15890,4634,1256,,,,,,,,0.016351400968079174,0.15447377442577992,2.5258626246885414,9.903296703296704,0.015598217346588962,,0.30748732348290714,0.06104448287363119,
2024-01-06,tiktok,tt_8001,Awareness_GenZ,ttad_9001,Dance_Challenge,267890,3945,523.4,40,,221234,173456,109234,73567,49234,9789,2634,623,,,,,,,,0.014726193586920004,0.1326742712294043,1.953787002127739,13.084999999999999,0.010139416983523447,,0.22254264715188443,0.04869909291126955,
2024-01-06,tiktok,tt_8003,Traffic_Campaign,ttad_9003,Trending_Sounds,205678,3234,387.8,27,,162345,124567,98901,63234,38234,7567,2089,501,,,,,,,,0.015723606802866618,0.11991341991341992,1.8854714651056506,14.362962962962964,0.008348794063079777,,0.23551079491206997,0.04938301617090792,
2024-01-06,tiktok,tt_8004,Influencer_Collab,ttad_9004,Creator_Partnership,378901,6123,945.6,96,,312345,251234,201234,143456,95234,16567,4823,1312,,,,,,,,0.016159894009253075,0.15443410093091622,2.495638702457898,9.85,0.01567858892699657,,0.3049000304150859,0.05991538686886548,
2024-01-07,tiktok,tt_8001,Awareness_GenZ,ttad_9001,Dance_Challenge,278901,4123,545.6,42,,229234,179234,112234,75678,50234,10123,2712,645,,,,,,,,0.014783023366714354,0.1323308270676692,1.9562497086779898,12.99047619047619,0.010186757215619695,,0.21913852220874738,0.04833256245047526,
2024-01-07,tiktok,tt_8002,Conversion_Focus,ttad_9002,Product_Demo,138901,2678,734.5,73,,97890,72345,48901,36789,24890,4901,1356,256,,,,,,,,0.01927991879108142,0.27427184466019416,5.287938891728642,10.061643835616438,0.02725914861837192,,0.25426499131678415,0.04688951123462034,
2024-01-07,tiktok,tt_8003,Traffic_Campaign,ttad_9003,Trending_Sounds,212345,3345,401.1,28,,167890,128234,101234,65234,39456,7789,2145,512,,,,,,,,0.01575266665096894,0.1199103139013453,1.8889072029009395,14.325000000000001,0.00837070254110613,,0.23501101911966168,0.04919352939791377,
2024-01-08,tiktok,tt_8001,Awareness_GenZ,ttad_9001,Dance_Challenge,245234,3578,474.3,37,,203456,158901,99567,68234,45789,8978,2389,590,,,,,,,,0.01459014655390362,0.1325600894354388,1.9340711320616228,12.81891891891892,0.01034097261039687,,0.22505603177099717,0.048757513232259804,
2024-01-08,tiktok,tt_8002,Conversion_Focus,ttad_9002,Product_Demo,119234,2234,645.6,64,,85678,63456,42345,32234,22234,4345,1189,223,,,,,,,,0.018736266501165773,0.2889883616830797,5.414562960229465,10.0875,0.02864816472694718,,0.2595065244286748,0.048283207809852895,
2024-01-08,tiktok,tt_8004,Influencer_Collab,ttad_9004,Creator_Partnership,389012,6234,967.8,98,,321234,258901,207890,147234,97456,16901,4912,1345,,,,,,,,0.016025212589842987,0.15524542829643886,2.487840992051659,9.875510204081632,0.015720243824189926,,0.3033800905259095,0.05953029726589411,
2024-01-09,tiktok,tt_8001,Awareness_GenZ,ttad_9001,Dance_Challenge,289012,4234,556.7,43,,234567,182345,114567,77234,51234,10345,2789,656,,,,,,,,0.014649910730350296,0.13148323098724612,1.9262175965011834,12.946511627906977,0.010155880963627776,,0.2184194707695456,0.047714281759926924,
2024-01-09,tiktok,tt_8003,Traffic_Campaign,ttad_9003,Trending_Sounds,218901,3456,414.4,29,,173456,131567,103567,67234,40567,8012,2201,523,,,,,,,,0.015787958940342895,0.11990740740740741,1.8930932247911156,14.289655172413791,0.008391203703703705,,0.23387487316668204,0.04904500207856519,
2024-01-09,tiktok,tt_8004,Influencer_Collab,ttad_9004,Creator_Partnership,401234,6456,989.9,101,,332345,267890,214567,151234,99567,17234,5012,1378,,,,,,,,0.01609036123558821,0.15333023543990087,2.4671388765657944,9.800990099009901,0.015644361833952913,,0.2995892822217876,0.058878360258602214,
2024-01-10,tiktok,tt_8001,Awareness_GenZ,ttad_9001,Dance_Challenge,256234,3701,490.5,38,,209234,163567,102567,69567,46567,9123,2423,601,,,,,,,,0.014443828687840022,0.1325317481761686,1.9142658663565335,12.907894736842104,0.01026749527154823,,0.2225594310676085,0.04740588680659085,
2024-01-10,tiktok,tt_8002,Conversion_Focus,ttad_9002,Product_Demo,145678,2789,756.7,76,,101234,74567,50234,37890,25234,5012,1423,267,,,,,,,,0.0191449635497467,0.27131588382932953,5.194332706379824,9.956578947368422,0.027249910362136965,,0.24926408123752888,0.046005573937039225,
2024-01-10,tiktok,tt_8003,Traffic_Campaign,ttad_9003,Trending_Sounds,223456,3567,427.7,30,,178901,135234,106789,69234,41789,8234,2267,534,,,,,,,,0.015962874122869827,0.11990468180543874,1.9140233424029787,14.256666666666666,0.008410428931875526,,0.2335872912951856,0.04938332378633825,
2024-01-11,tiktok,tt_8001,Awareness_GenZ,ttad_9001,Dance_Challenge,278901,4123,523.6,42,,234567,182345,114567,77234,51234,10345,2789,656,,,,,,,,0.014783023366714354,0.1269949066213922,1.8773686720377483,12.466666666666667,0.010186757215619695,,0.2184194707695456,0.04944406796676957,
2024-01-11,tiktok,tt_8002,Conversion_Focus,ttad_9002,Product_Demo,156789,3012,812.3,82,,109876,81234,54678,41234,27567,5456,1567,289,,,,,,,,0.019210531351051413,0.2696879150066401,5.180848146234749,9.90609756097561,0.027224435590969456,,0.2508919145218246,0.04663592471410622,
2024-01-11,tiktok,tt_8003,Traffic_Campaign,ttad_9003,Trending_Sounds,234567,3789,456.8,33,,189234,143567,113456,73456,44567,8789,2434,567,,,,,,,,0.01615316732532709,0.12055951438374242,1.9474180085007695,13.842424242424244,0.00870942201108472,,0.23551264571905683,0.050262824694010666,
2024-01-11,tiktok,tt_8004,Influencer_Collab,ttad_9004,Creator_Partnership,412345,6789,1023.4,103,,345678,278901,223456,159234,105678,18234,5234,1456,,,,,,,,0.01646436842934921,0.15074385034614818,2.481902290557664,9.935922330097087,0.015171601119457947,,0.305712252443025,0.06044453067213135,
2024-01-12,tiktok,tt_8001,Awareness_GenZ,ttad_9001,Dance_Challenge,267890,3945,501.2,40,,221234,173456,109234,73567,49234,9789,2634,623,,,,,,,,0.014726193586920004,0.1270468948035488,1.8709171674941207,12.53,0.010139416983523447,,0.22254264715188443,0.04869909291126955,
2024-01-12,tiktok,tt_8002,Conversion_Focus,ttad_9002,Product_Demo,148901,2834,767.5,77,,103456,76234,51234,38567,25789,5123,1456,278,,,,,,,,0.01903278016937428,0.270818630910374,5.15443146788806,9.967532467532468,0.027170077628793227,,0.24927505412929168,0.046050731694212935,
2024-01-12,tiktok,tt_8003,Traffic_Campaign,ttad_9003,Trending_Sounds,228901,3634,441.9,31,,182345,137890,108901,70567,42789,8456,2301,545,,,,,,,,0.015875858995810416,0.12160154100165106,1.9305289186154713,14.254838709677419,0.0085305448541552,,0.23465957388466918,0.049375057339199044,
2024-01-12,tiktok,tt_8004,Influencer_Collab,ttad_9004,Creator_Partnership,398567,6534,998.7,98,,332345,267890,214567,151234,99567,17756,5012,1389,,,,,,,,0.016393730539658327,0.15284664830119377,2.5057267661396954,10.190816326530612,0.01499846954392409,,0.2995892822217876,0.060609634013854635,
2024-01-13,tiktok,tt_8001,Awareness_GenZ,ttad_9001,Dance_Challenge,234567,3456,456.7,34,,198234,156234,98234,67234,45234,8923,2345,567,,,,,,,,0.014733530291984806,0.13214699074074074,1.9469916910733394,13.43235294117647,0.009837962962962963,,0.2281848724234995,0.05045466753635422,
2024-01-13,tiktok,tt_8002,Conversion_Focus,ttad_9002,Product_Demo,134567,2567,712.3,71,,95678,71234,48234,36234,24567,4789,1345,245,,,,,,,,0.019075999316325698,0.2774834437086093,5.29327398247713,10.032394366197183,0.02765874561745228,,0.25676749095925916,0.047403895457281506,
2024-01-13,tiktok,tt_8003,Traffic_Campaign,ttad_9003,Trending_Sounds,201234,3123,374.5,26,,157890,121234,96234,61234,37456,7345,2034,489,,,,,,,,0.01551924625063359,0.11991674671789945,1.8610175218899392,14.403846153846153,0.008325328210054436,,0.23722845018683894,0.0490374390013616,
2024-01-13,tiktok,tt_8004,Influencer_Collab,ttad_9004,Creator_Partnership,367890,6012,923.4,94,,301234,245678,196789,140234,93456,16234,4789,1289,,,,,,,,0.01634184131126152,0.1535928143712575,2.5099893990051374,9.823404255319149,0.015635395874916833,,0.3102438635744969,0.06064856342928593,
2024-01-14,tiktok,tt_8001,Awareness_GenZ,ttad_9001,Dance_Challenge,223456,3234,434.5,32,,189234,148234,93234,63456,43234,8567,2234,534,,,,,,,,0.014472647859086352,0.13435374149659865,1.9444543892309896,13.578125,0.009894867037724181,,0.22846845704260335,0.050725869969926965,
2024-01-14,tiktok,tt_8002,Conversion_Focus,ttad_9002,Product_Demo,128901,2456,689.5,68,,91234,68234,45789,34567,23678,4678,1267,237,,,,,,,,0.019053382052893305,0.28074104234527686,5.349066337732058,10.139705882352942,0.02768729641693811,,0.25953043821382377,0.04795928658427786,
2024-01-14,tiktok,tt_8003,Traffic_Campaign,ttad_9003,Trending_Sounds,195678,2989,361.2,25,,152345,117234,93234,59234,36234,7123,1967,478,,,,,,,,0.015275094798597696,0.12084309133489461,1.845889675896115,14.448,0.008364001338240215,,0.23784174078571663,0.04889665675241979,
2024-01-14,tiktok,tt_8004,Influencer_Collab,ttad_9004,Creator_Partnership,356789,5834,901.2,91,,293456,239234,191234,136234,90234,15890,4634,1256,,,,,,,,0.016351400968079174,0.15447377442577992,2.5258626246885414,9.903296703296704,0.015598217346588962,,0.30748732348290714,0.06104448287363119,
2024-01-15,tiktok,tt_8001,Awareness_GenZ,ttad_9001,Dance_Challenge,246789,3678,478.9,36,,207345,163456,102345,70234,47234,9234,2456,589,,,,,,,,0.014903419520318976,0.13020663404023924,1.9405240914303312,13.302777777777777,0.009787928221859706,,0.22780390170971088,0.049755053912451525,
2024-01-15,tiktok,tt_8002,Conversion_Focus,ttad_9002,Product_Demo,142345,2678,734.5,73,,97890,72345,48901,36789,24890,4901,1356,256,,,,,,,,0.018813446204643647,0.27427184466019416,5.159998594962942,10.061643835616438,0.02725914861837192,,0.25426499131678415,0.04575503178896343,
2024-01-15,tiktok,tt_8003,Traffic_Campaign,ttad_9003,Trending_Sounds,212345,3345,401.1,28,,167890,128234,101234,65234,39456,7789,2145,512,,,,,,,,0.01575266665096894,0.1199103139013453,1.8889072029009395,14.325000000000001,0.00837070254110613,,0.23501101911966168,0.04919352939791377,
2024-01-15,tiktok,tt_8004,Influencer_Collab,ttad_9004,Creator_Partnership,378901,6123,945.6,96,,312345,251234,201234,143456,95234,16567,4823,1312,,,,,,,,0.016159894009253075,0.15443410093091622,2.495638702457898,9.85,0.01567858892699657,,0.3049000304150859,0.05991538686886548,
2024-01-16,tiktok,tt_8001,Awareness_GenZ,ttad_9001,Dance_Challenge,289012,4234,556.7,43,,234567,182345,114567,77234,51234,10345,2789,656,,,,,,,,0.014649910730350296,0.13148323098724612,1.9262175965011834,12.946511627906977,0.010155880963627776,,0.2184194707695456,0.047714281759926924,
2024-01-16,tiktok,tt_8002,Conversion_Focus,ttad_9002,Product_Demo,156789,3012,812.3,82,,109876,81234,54678,41234,27567,5456,1567,289,,,,,,,,0.019210531351051413,0.2696879150066401,5.180848146234749,9.90609756097561,0.027224435590969456,,0.2508919145218246,0.04663592471410622,
2024-01-16,tiktok,tt_8003,Traffic_Campaign,ttad_9003,Trending_Sounds,245678,3890,467.8,34,,195678,148234,117234,75234,45789,8567,2345,567,,,,,,,,0.015833733586238897,0.12025706940874037,1.9041183988798345,13.758823529411766,0.008740359897172237,,0.23400177843191367,0.04672376036926383,
2024-01-16,tiktok,tt_8004,Influencer_Collab,ttad_9004,Creator_Partnership,423456,6890,1056.8,107,,356789,289234,231456,164567,109234,18890,5456,1489,,,,,,,,0.016270875840701277,0.15338171262699563,2.4956548023879694,9.876635514018691,0.015529753265602322,,0.306158541883298,0.061009880601526484,
2024-01-17,tiktok,tt_8001,Awareness_GenZ,ttad_9001,Dance_Challenge,301234,4456,589.9,46,,245678,191234,119234,80234,53456,10789,2901,689,,,,,,,,0.014792486903868753,0.13238330341113105,1.9582782820000397,12.82391304347826,0.010323159784560144,,0.2175856202020531,0.047733655563449016,
2024-01-17,tiktok,tt_8002,Conversion_Focus,ttad_9002,Product_Demo,167890,3234,845.6,85,,117890,87234,58901,44234,29567,5678,1634,312,,,,,,,,0.019262612424801952,0.26147186147186147,5.036631127523974,9.948235294117648,0.026283240568954855,,0.2508015947069302,0.04541068556793138,
2024-01-17,tiktok,tt_8003,Traffic_Campaign,ttad_9003,Trending_Sounds,256789,4012,489.2,36,,201234,152345,120456,77890,47234,8901,2456,589,,,,,,,,0.015623722199938472,0.12193419740777667,1.9050660269715602,13.588888888888889,0.00897308075772682,,0.23472176669946432,0.04652068429722457,
2024-01-17,tiktok,tt_8004,Influencer_Collab,ttad_9004,Creator_Partnership,445678,7234,1123.5,113,,378901,304567,243456,172345,114567,19567,5678,1567,,,,,,,,0.016231449611602996,0.1553082665192148,2.520878302272044,9.942477876106194,0.015620680121647775,,0.30236658124417726,0.06016002584825816,
2024-01-18,tiktok,tt_8001,Awareness_GenZ,ttad_9001,Dance_Challenge,290123,4189,567.8,44,,236789,184567,115678,78234,52345,10456,2812,678,,,,,,,,0.014438703584341813,0.1355454762473144,1.9571009537334165,12.904545454545454,0.010503700167104321,,0.22106178918784233,0.04806926717288874,
2024-01-18,tiktok,tt_8002,Conversion_Focus,ttad_9002,Product_Demo,161234,3089,823.7,83,,113456,83567,56234,42345,28234,5523,1589,301,,,,,,,,0.01915849014475855,0.2666558756879249,5.1087239664090704,9.92409638554217,0.026869537067011978,,0.24885418135664927,0.04597665504794274,
2024-01-18,tiktok,tt_8003,Traffic_Campaign,ttad_9003,Trending_Sounds,248901,3934,478.5,35,,195234,148901,117890,76234,46234,8734,2401,578,,,,,,,,0.015805480894010068,0.12163192679206915,1.9224510950136802,13.67142857142857,0.008896797153024912,,0.23681325998545336,0.0470588707960193,
2024-01-18,tiktok,tt_8004,Influencer_Collab,ttad_9004,Creator_Partnership,434567,7012,1089.3,109,,367890,296234,237890,168234,111234,19234,5534,1523,,,,,,,,0.016135601644855686,0.15534797490017113,2.5066330393242007,9.993577981651375,0.015544780376497433,,0.3023566827040691,0.060499301603665255,
2024-01-19,tiktok,tt_8001,Awareness_GenZ,ttad_9001,Dance_Challenge,278901,4123,545.6,42,,229234,179234,112234,75678,50234,10123,2712,645,,,,,,,,0.014783023366714354,0.1323308270676692,1.9562497086779898,12.99047619047619,0.010186757215619695,,0.21913852220874738,0.04833256245047526,
2024-01-19,tiktok,tt_8002,Conversion_Focus,ttad_9002,Product_Demo,153456,2945,789.2,79,,107890,79567,53678,40234,26890,5234,1456,278,,,,,,,,0.019191168804087166,0.2679796264855688,5.142842247940778,9.989873417721519,0.026825127334465196,,0.24923533228288072,0.045407152538838494,
2024-01-19,tiktok,tt_8003,Traffic_Campaign,ttad_9003,Trending_Sounds,236789,3734,456.8,33,,187890,142345,112345,72345,43789,8456,2267,545,,,,,,,,0.015769313608317955,0.12233529726834494,1.929143667991334,13.842424242424244,0.008837707552222818,,0.2330565756559689,0.04758666998889306,
2024-01-19,tiktok,tt_8004,Influencer_Collab,ttad_9004,Creator_Partnership,423456,6789,1034.5,104,,356789,287234,229234,162345,107890,18756,5345,1456,,,,,,,,0.01603236227612786,0.1523788481366917,2.4429928965465124,9.947115384615385,0.015318898217705112,,0.3023916096067984,0.06035337791883927,
2024-01-20,tiktok,tt_8001,Awareness_GenZ,ttad_9001,Dance_Challenge,256234,3701,490.5,38,,209234,163567,102567,69567,46567,9123,2423,601,,,,,,,,0.014443828687840022,0.1325317481761686,1.9142658663565335,12.907894736842104,0.01026749527154823,,0.2225594310676085,0.04740588680659085,
2024-01-20,tiktok,tt_8002,Conversion_Focus,ttad_9002,Product_Demo,142345,2678,734.5,73,,97890,72345,48901,36789,24890,4901,1356,256,,,,,,,,0.018813446204643647,0.27427184466019416,5.159998594962942,10.061643835616438,0.02725914861837192,,0.25426499131678415,0.04575503178896343,
2024-01-20,tiktok,tt_8003,Traffic_Campaign,ttad_9003,Trending_Sounds,218901,3456,414.4,29,,173456,131567,103567,67234,40567,8012,2201,523,,,,,,,,0.015787958940342895,0.11990740740740741,1.8930932247911156,14.289655172413791,0.008391203703703705,,0.23387487316668204,0.04904500207856519,
2024-01-20,tiktok,tt_8004,Influencer_Collab,ttad_9004,Creator_Partnership,389012,6234,967.8,98,,321234,258901,207890,147234,97456,16901,4912,1345,,,,,,,,0.016025212589842987,0.15524542829643886,2.487840992051659,9.875510204081632,0.015720243824189926,,0.3033800905259095,0.05953029726589411,
2024-01-21,tiktok,tt_8001,Awareness_GenZ,ttad_9001,Dance_Challenge,234567,3456,445.7,34,,195234,153456,96234,65234,43567,8756,2234,534,,,,,,,,0.014733530291984806,0.12896412037037036,1.9000967740560266,13.108823529411765,0.009837962962962963,,0.22315272954505874,0.04912882033704656,
2024-01-21,tiktok,tt_8002,Conversion_Focus,ttad_9002,Product_Demo,128901,2456,678.9,67,,89234,67234,45234,34234,23456,4567,1234,234,,,,,,,,0.019053382052893305,0.27642508143322475,5.2668326855493754,10.132835820895522,0.02728013029315961,,0.26285944819239304,0.046818876502121784,
2024-01-21,tiktok,tt_8003,Traffic_Campaign,ttad_9003,Trending_Sounds,201234,3123,374.5,26,,157890,121234,96234,61234,37456,7345,2034,489,,,,,,,,0.01551924625063359,0.11991674671789945,1.8610175218899392,14.403846153846153,0.008325328210054436,,0.23722845018683894,0.0490374390013616,
2024-01-21,tiktok,tt_8004,Influencer_Collab,ttad_9004,Creator_Partnership,367890,6012,923.4,94,,301234,245678,196789,140234,93456,16234,4789,1289,,,,,,,,0.01634184131126152,0.1535928143712575,2.5099893990051374,9.823404255319149,0.015635395874916833,,0.3102438635744969,0.06064856342928593,
2024-01-22,tiktok,tt_8001,Awareness_GenZ,ttad_9001,Dance_Challenge,267890,3945,523.4,40,,221234,173456,109234,73567,49234,9789,2634,623,,,,,,,,0.014726193586920004,0.1326742712294043,1.953787002127739,13.084999999999999,0.010139416983523447,,0.22254264715188443,0.04869909291126955,
2024-01-22,tiktok,tt_8002,Conversion_Focus,ttad_9002,Product_Demo,148901,2834,767.5,77,,103456,76234,51234,38567,25789,5123,1456,278,,,,,,,,0.01903278016937428,0.270818630910374,5.15443146788806,9.967532467532468,0.027170077628793227,,0.24927505412929168,0.046050731694212935,
2024-01-22,tiktok,tt_8003,Traffic_Campaign,ttad_9003,Trending_Sounds,228901,3634,441.9,31,,182345,137890,108901,70567,42789,8456,2301,545,,,,,,,,0.015875858995810416,0.12160154100165106,1.9305289186154713,14.254838709677419,0.0085305448541552,,0.23465957388466918,0.049375057339199044,
2024-01-22,tiktok,tt_8004,Influencer_Collab,ttad_9004,Creator_Partnership,398567,6534,998.7,98,,332345,267890,214567,151234,99567,17756,5012,1389,,,,,,,,0.016393730539658327,0.15284664830119377,2.5057267661396954,10.190816326530612,0.01499846954392409,,0.2995892822217876,0.060609634013854635,
2024-01-23,tiktok,tt_8001,Awareness_GenZ,ttad_9001,Dance_Challenge,289012,4234,556.7,43,,234567,182345,114567,77234,51234,10345,2789,656,,,,,,,,0.014649910730350296,0.13148323098724612,1.9262175965011834,12.946511627906977,0.010155880963627776,,0.2184194707695456,0.047714281759926924,
2024-01-23,tiktok,tt_8002,Conversion_Focus,ttad_9002,Product_Demo,156789,3012,812.3,82,,109876,81234,54678,41234,27567,5456,1567,289,,,,,,,,0.019210531351051413,0.2696879150066401,5.180848146234749,9.90609756097561,0.027224435590969456,,0.2508919145218246,0.04663592471410622,
2024-01-23,tiktok,tt_8003,Traffic_Campaign,ttad_9003,Trending_Sounds,245678,3890,467.8,34,,195678,148234,117234,75234,45789,8567,2345,567,,,,,,,,0.015833733586238897,0.12025706940874037,1.9041183988798345,13.758823529411766,0.008740359897172237,,0.23400177843191367,0.04672376036926383,
2024-01-23,tiktok,tt_8004,Influencer_Collab,ttad_9004,Creator_Partnership,423456,6890,1056.8,107,,356789,289234,231456,164567,109234,18890,5456,1489,,,,,,,,0.016270875840701277,0.15338171262699563,2.4956548023879694,9.876635514018691,0.015529753265602322,,0.306158541883298,0.061009880601526484,
2024-01-24,tiktok,tt_8001,Awareness_GenZ,ttad_9001,Dance_Challenge,312345,4567,623.4,48,,256789,200234,125678,84567,56234,11234,3012,723,,,,,,,,0.014621652339560422,0.13650098532953797,1.995869951495942,12.987499999999999,0.01051018173855923,,0.21898913115437188,0.047924570587011155,
2024-01-24,tiktok,tt_8002,Conversion_Focus,ttad_9002,Product_Demo,172345,3345,867.9,87,,123456,91234,61567,46234,30789,5890,1678,334,,,,,,,,0.01940874408889147,0.25946188340807175,5.03582929588906,9.975862068965517,0.02600896860986547,,0.24939249611197511,0.04584989410774899,
2024-01-24,tiktok,tt_8003,Traffic_Campaign,ttad_9003,Trending_Sounds,267890,4123,512.6,37,,212345,160234,126789,81234,49234,9123,2567,612,,,,,,,,0.015390645414162529,0.1243269463982537,1.913471947441114,13.854054054054055,0.008974048023284017,,0.23185853210577126,0.045921833588413154,
2024-01-24,tiktok,tt_8004,Influencer_Collab,ttad_9004,Creator_Partnership,456789,7456,1167.8,118,,389012,312345,249234,177890,118234,20234,5912,1623,,,,,,,,0.01632263473945301,0.1566255364806867,2.556541422845121,9.896610169491526,0.01582618025751073,,0.30393406887191143,0.0607917441094247,
2024-01-25,tiktok,tt_8001,Awareness_GenZ,ttad_9001,Dance_Challenge,323456,4789,645.7,50,,267890,208901,131234,88234,58901,11567,3134,734,,,,,,,,0.01480572318955283,0.13482981833368135,1.9962529679461813,12.914000000000001,0.01044059302568386,,0.21987009593489865,0.04771900969529086,
2024-01-25,tiktok,tt_8002,Conversion_Focus,ttad_9002,Product_Demo,178901,3456,889.5,89,,128901,95678,64567,48567,32345,6123,1734,345,,,,,,,,0.019317946797390736,0.2573784722222222,4.972023633182598,9.99438202247191,0.025752314814814815,,0.25092900753291286,0.045846585541724195,
2024-01-25,tiktok,tt_8003,Traffic_Campaign,ttad_9003,Trending_Sounds,278901,4234,534.2,39,,223456,168901,133456,85678,51789,9456,2634,623,,,,,,,,0.015181014051581027,0.12616910722720834,1.9153749896916827,13.697435897435899,0.009211147850732168,,0.23176374767291996,0.0455824826730632,
2024-01-25,tiktok,tt_8004,Influencer_Collab,ttad_9004,Creator_Partnership,467890,7623,1189.4,120,,401234,323456,258901,184567,122345,20789,6034,1678,,,,,,,,0.01629229092308021,0.15602781057326512,2.542050481950886,9.911666666666667,0.015741833923652106,,0.3049218161970322,0.06091389001688431,
2024-01-26,tiktok,tt_8001,Awareness_GenZ,ttad_9001,Dance_Challenge,301234,4456,589.9,46,,245678,191234,119234,80234,53456,10789,2901,689,,,,,,,,0.014792486903868753,0.13238330341113105,1.9582782820000397,12.82391304347826,0.010323159784560144,,0.2175856202020531,0.047733655563449016,
2024-01-26,tiktok,tt_8002,Conversion_Focus,ttad_9002,Product_Demo,167890,3234,845.6,85,,117890,87234,58901,44234,29567,5678,1634,312,,,,,,,,0.019262612424801952,0.26147186147186147,5.036631127523974,9.948235294117648,0.026283240568954855,,0.2508015947069302,0.04541068556793138,
2024-01-26,tiktok,tt_8003,Traffic_Campaign,ttad_9003,Trending_Sounds,256789,4012,489.2,36,,201234,152345,120456,77890,47234,8901,2456,589,,,,,,,,0.015623722199938472,0.12193419740777667,1.9050660269715602,13.588888888888889,0.00897308075772682,,0.23472176669946432,0.04652068429722457,
2024-01-26,tiktok,tt_8004,Influencer_Collab,ttad_9004,Creator_Partnership,445678,7234,1123.5,113,,378901,304567,243456,172345,114567,19567,5678,1567,,,,,,,,0.016231449611602996,0.1553082665192148,2.520878302272044,9.942477876106194,0.015620680121647775,,0.30236658124417726,0.06016002584825816,
2024-01-27,tiktok,tt_8001,Awareness_GenZ,ttad_9001,Dance_Challenge,278901,4123,545.6,42,,229234,179234,112234,75678,50234,10123,2712,645,,,,,,,,0.014783023366714354,0.1323308270676692,1.9562497086779898,12.99047619047619,0.010186757215619695,,0.21913852220874738,0.04833256245047526,
2024-01-27,tiktok,tt_8002,Conversion_Focus,ttad_9002,Product_Demo,153456,2945,789.2,79,,107890,79567,53678,40234,26890,5234,1456,278,,,,,,,,0.019191168804087166,0.2679796264855688,5.142842247940778,9.989873417721519,0.026825127334465196,,0.24923533228288072,0.045407152538838494,
2024-01-27,tiktok,tt_8003,Traffic_Campaign,ttad_9003,Trending_Sounds,236789,3734,456.8,33,,187890,142345,112345,72345,43789,8456,2267,545,,,,,,,,0.015769313608317955,0.12233529726834494,1.929143667991334,13.842424242424244,0.008837707552222818,,0.2330565756559689,0.04758666998889306,
2024-01-27,tiktok,tt_8004,Influencer_Collab,ttad_9004,Creator_Partnership,423456,6789,1034.5,104,,356789,287234,229234,162345,107890,18756,5345,1456,,,,,,,,0.01603236227612786,0.1523788481366917,2.4429928965465124,9.947115384615385,0.015318898217705112,,0.3023916096067984,0.06035337791883927,
2024-01-28,tiktok,tt_8001,Awareness_GenZ,ttad_9001,Dance_Challenge,267890,3945,501.2,40,,221234,173456,109234,73567,49234,9789,2634,623,,,,,,,,0.014726193586920004,0.1270468948035488,1.8709171674941207,12.53,0.010139416983523447,,0.22254264715188443,0.04869909291126955,
2024-01-28,tiktok,tt_8002,Conversion_Focus,ttad_9002,Product_Demo,148901,2834,756.7,76,,101234,74567,50234,37890,25234,5012,1423,267,,,,,,,,0.01903278016937428,0.26700776287932254,5.08190005439856,9.956578947368422,0.026817219477769938,,0.24926408123752888,0.045009771593206224,
2024-01-28,tiktok,tt_8003,Traffic_Campaign,ttad_9003,Trending_Sounds,223456,3567,427.7,30,,178901,135234,106789,69234,41789,8234,2267,534,,,,,,,,0.015962874122869827,0.11990468180543874,1.9140233424029787,14.256666666666666,0.008410428931875526,,0.2335872912951856,0.04938332378633825,
2024-01-28,tiktok,tt_8004,Influencer_Collab,ttad_9004,Creator_Partnership,401234,6456,989.9,101,,332345,267890,214567,151234,99567,17234,5012,1378,,,,,,,,0.01609036123558821,0.15333023543990087,2.4671388765657944,9.800990099009901,0.015644361833952913,,0.2995892822217876,0.058878360258602214,
2024-01-29,tiktok,tt_8001,Awareness_GenZ,ttad_9001,Dance_Challenge,289012,4234,556.7,43,,234567,182345,114567,77234,51234,10345,2789,656,,,,,,,,0.014649910730350296,0.13148323098724612,1.9262175965011834,12.946511627906977,0.010155880963627776,,0.2184194707695456,0.047714281759926924,
2024-01-29,tiktok,tt_8002,Conversion_Focus,ttad_9002,Product_Demo,156789,3012,812.3,82,,109876,81234,54678,41234,27567,5456,1567,289,,,,,,,,0.019210531351051413,0.2696879150066401,5.180848146234749,9.90609756097561,0.027224435590969456,,0.2508919145218246,0.04663592471410622,
2024-01-29,tiktok,tt_8003,Traffic_Campaign,ttad_9003,Trending_Sounds,245678,3890,467.8,34,,195678,148234,117234,75234,45789,8567,2345,567,,,,,,,,0.015833733586238897,0.12025706940874037,1.9041183988798345,13.758823529411766,0.008740359897172237,,0.23400177843191367,0.04672376036926383,
2024-01-29,tiktok,tt_8004,Influencer_Collab,ttad_9004,Creator_Partnership,423456,6890,1056.8,107,,356789,289234,231456,164567,109234,18890,5456,1489,,,,,,,,0.016270875840701277,0.15338171262699563,2.4956548023879694,9.876635514018691,0.015529753265602322,,0.306158541883298,0.061009880601526484,
2024-01-30,tiktok,tt_8001,Awareness_GenZ,ttad_9001,Dance_Challenge,295678,4345,573.2,44,,241234,188234,117890,79234,52789,10567,2856,667,,,,,,,,0.014695039874458025,0.13192174913693902,1.9385953638755673,13.02727272727273,0.010126582278481013,,0.21882902078479816,0.047653190294847776,
2024-01-30,tiktok,tt_8002,Conversion_Focus,ttad_9002,Product_Demo,161234,3089,823.7,83,,113456,83567,56234,42345,28234,5523,1589,301,,,,,,,,0.01915849014475855,0.2666558756879249,5.1087239664090704,9.92409638554217,0.026869537067011978,,0.24885418135664927,0.04597665504794274,
2024-01-30,tiktok,tt_8003,Traffic_Campaign,ttad_9003,Trending_Sounds,251234,3967,481.5,35,,198901,150567,119234,76890,46567,8678,2378,556,,,,,,,,0.015790060262544082,0.12137635492815729,1.9165399587635432,13.757142857142858,0.008822788001008318,,0.23412149762947396,0.04621985877707635,
2024-01-30,tiktok,tt_8004,Influencer_Collab,ttad_9004,Creator_Partnership,434567,7012,1089.3,109,,367890,296234,237890,168234,111234,19234,5534,1523,,,,,,,,0.016135601644855686,0.15534797490017113,2.5066330393242007,9.993577981651375,0.015544780376497433,,0.3023566827040691,0.060499301603665255,
